age,country,player_id,team_id,player_name,team,position,R1,R2,R3,R4,R5,R6,appearance,Total
28,Chile,37265,3,Alexis Sánchez,Arsenal,Forward,6.8549122633,5.6411985593,33.297,10.39,1.00224,1.3052193416,3346,99
25,Denmark,80607,6,Christian Eriksen,Tottenham Hotspur,Midfielder,10.6316890878,6.8371363741,17.112,13.507,2.088,1.212328628,3231,98
24,England,78830,6,Harry Kane,Tottenham Hotspur,Forward,3.648062751,5.3981847386,38.014,7.273,1.16928,0.6634393507,2551,96
29,Spain,18507,8,Diego Costa,Chelsea,Forward,3.6931754721,7.1679591837,29.18,6.234,1.2528,1.5200006443,3193,95
26,Belgium,42786,8,Eden Hazard,Chelsea,Midfielder,8.0956117962,6.7436734694,21.985,5.195,2.088,0.6652357715,3004,95
24,Belgium,66749,11,Romelu Lukaku,Everton,Forward,4.1988335396,4.6786206897,35.136,6.234,1.08576,1.1432496564,3392,93
21,England,108823,6,Dele Alli,Tottenham Hotspur,Midfielder,4.4109202514,6.610713102,25.863,6.234,2.088,1.4762511187,3124,93
31,England,19419,8,Gary Cahill,Chelsea,Defender,1.5252778372,7.753877551,9.473,0.0,14.69952,6.9747012632,3454,93
28,Spain,41328,8,César Azpilicueta,Chelsea,Defender,2.9510968149,8.0008163265,2.239,4.156,14.69952,5.4736959235,3564,91
26,Brazil,92217,14,Roberto Firmino,Liverpool,Forward,6.3731132186,5.9081162299,20.029,6.234,0.8352,2.0436758581,3178,89
26,Belgium,61366,43,Kevin De Bruyne,Manchester City,Midfielder,9.9658325135,5.1911510279,10.434,16.624,1.2528,1.3333518545,2957,89
36,Sweden,9808,1,Zlatan Ibrahimovic,Manchester United,Forward,4.2585267722,4.5357625864,26.863,5.195,1.08576,0.7075294831,2614,86
28,Iceland,55422,80,Gylfi Sigurdsson,Swansea City,Midfielder,6.9474079401,3.6172786067,19.351,13.507,1.1136,1.7588591416,3465,86
31,England,15157,14,James Milner,Liverpool,Midfielder,6.2980991339,6.0642778924,10.673,3.117,1.5312,4.3095914025,3262,85
29,Germany,37605,3,Mesut Özil,Arsenal,Midfielder,9.2272086,4.892635451,11.512,8.312,1.5312,0.9374382006,2902,85
27,England,58621,6,Kyle Walker,Tottenham Hotspur,Defender,4.1306129299,6.0816867654,1.0,5.195,12.86208,4.1568821068,2874,83
25,Brazil,84583,14,Philippe Coutinho,Liverpool,Midfielder,6.1105609003,4.1215524486,19.468,7.273,1.1136,0.8455015595,2217,83
30,Belgium,39194,6,Jan Vertonghen,Tottenham Hotspur,Defender,2.0961352057,6.3483160391,0.8,0.0,12.86208,7.8666530857,3000,83
25,Belgium,60772,8,Thibaut Courtois,Chelsea,Goalkeeper,0.5816041891,7.5653061225,0.0,0.0,22.71744,0.0708006095,3370,83
29,Argentina,37572,43,Sergio Agüero,Manchester City,Forward,2.4725446361,4.3660441685,28.302,2.078,0.50112,0.551155374,2487,82
26,England,56917,91,Steve Cook,Bournemouth,Defender,1.5654068435,4.1916024516,5.117,0.0,8.26848,12.0906813864,3583,81
24,England,88894,11,Ross Barkley,Everton,Midfielder,7.3925995874,4.1089655172,11.195,8.312,1.8096,2.1829937162,2979,81
33,Wales,19159,11,Ashley Williams,Everton,Defender,1.7382470537,4.5310344828,2.239,3.117,11.94336,9.5562943615,3285,81
25,Korea Republic,85971,6,Son Heung-Min,Tottenham Hotspur,Midfielder,3.6752379572,4.4247762792,20.746,5.195,2.088,0.5133078906,2091,80
26,England,57328,14,Nathaniel Clyne,Liverpool,Defender,4.1421960493,6.4305141722,1.0,2.078,10.10592,2.9320739236,3459,80
28,Belgium,55605,6,Toby Alderweireld,Tottenham Hotspur,Defender,1.4499293678,5.6605818015,1.6,0.0,11.94336,6.8719718302,2675,79
31,Spain,20664,43,David Silva,Manchester City,Midfielder,7.327259108,4.9857520863,7.556,7.273,0.9744,1.7044620679,2840,79
26,Kenya,54756,6,Victor Wanyama,Tottenham Hotspur,Midfielder,3.4493856912,6.5810876272,5.517,0.0,2.088,4.5437864343,3110,78
30,France,37915,6,Hugo Lloris,Tottenham Hotspur,Goalkeeper,0.9407434266,6.6001325753,0.0,0.0,19.87776,0.2629383862,3119,78
33,Germany,12413,13,Robert Huth,Leicester City,Defender,1.0083765084,3.7434052758,6.356,2.078,8.26848,10.2491251538,3122,78
24,France,74208,1,Paul Pogba,Manchester United,Midfielder,5.6683958076,4.7509250045,10.356,3.117,1.9488,2.4406623398,2738,78
25,Senegal,110979,14,Sadio Mané,Liverpool,Midfielder,3.9439230247,4.3539358749,18.307,5.195,0.9744,0.6321772962,2342,78
25,Norway,78007,91,Joshua King,Bournemouth,Forward,2.9864370532,3.3633427431,22.824,2.078,0.66816,2.4843648523,2875,78
24,England,106611,90,Michael Keane,Burnley,Defender,1.6177720796,3.5352556768,3.678,1.039,9.1872,11.7591642906,3391,78
28,England,51927,90,Ben Mee,Burnley,Defender,1.2701053656,3.3767894831,4.717,0.0,8.26848,12.8875820826,3239,78
32,France,51507,3,Laurent Koscielny,Arsenal,Defender,1.4466619163,5.0595447927,2.878,0.0,8.26848,8.2217132028,3001,77
-1,Unknown,82263,8,Marcos Alonso,Chelsea,Midfielder,2.9328773805,6.2318367347,9.234,3.117,0.0,3.5610039746,2776,77
38,Northern Ireland,19272,35,Gareth McAuley,West Bromwich Albion,Defender,1.2153072646,3.8413236193,8.873,1.039,5.51232,9.5480709616,3351,77
32,Ecuador,20695,1,Antonio Valencia,Manchester United,Defender,3.8958687551,4.6051698181,1.839,3.117,11.94336,3.775037645,2654,77
23,England,93264,6,Eric Dier,Tottenham Hotspur,Midfielder,2.3636858907,6.7249827907,3.278,0.0,2.2272,6.3358769583,3178,77
27,Netherlands,41733,14,Georginio Wijnaldum,Liverpool,Midfielder,3.4986803398,5.6961825451,8.995,7.273,1.392,1.8034749799,3064,77
31,Austria,37402,13,Christian Fuchs,Leicester City,Defender,3.9058925393,3.8693045564,3.278,4.156,8.26848,6.5748454936,3227,77
33,England,12745,11,Leighton Baines,Everton,Defender,4.2591654598,4.0027586207,3.078,3.117,11.02464,3.5556805522,2902,76
27,Spain,51940,1,David de Gea,Manchester United,Goalkeeper,0.7391081388,5.856235168,0.0,0.0,21.2976,0.0887236741,3375,76
29,Serbia,62398,8,Nemanja Matic,Chelsea,Midfielder,2.955112039,6.4204081633,2.439,7.273,2.088,3.7426028563,2860,76
30,England,37869,110,Ryan Shawcross,Stoke City,Defender,1.1714660661,3.5146130346,4.917,1.039,10.10592,9.2848271026,3287,76
31,Spain,38411,3,Nacho Monreal,Arsenal,Defender,1.7681243379,5.5265537589,0.4,2.078,10.10592,5.7245756927,3278,76
26,France,116594,8,N'Golo Kanté,Chelsea,Midfielder,2.6085598862,7.316122449,2.439,1.039,1.9488,4.3856597063,3259,76
30,Spain,49579,8,Pedro,Chelsea,Forward,3.6801393714,4.9791836735,11.512,8.312,1.2528,1.4387506773,2218,76
27,Belgium,54861,14,Christian Benteke,Liverpool,Forward,3.7412009113,3.1126871153,23.585,2.078,0.50112,0.8930700767,3234,76
28,Croatia,38454,14,Dejan Lovren,Liverpool,Defender,1.8653998395,4.8874882217,3.078,1.039,9.1872,6.3407143798,2629,76
27,England,60232,35,Craig Dawson,West Bromwich Albion,Defender,2.5766368211,3.9066639495,5.756,0.0,5.51232,8.4485458211,3408,75
23,England,103955,43,Raheem Sterling,Manchester City,Forward,4.0669365743,4.639909424,11.673,6.234,0.66816,0.8225398282,2643,74
28,England,68983,90,Matthew Lowton,Burnley,Defender,3.2351980737,3.534213136,0.4,2.078,8.26848,9.121068174,3390,74
32,Serbia,42593,43,Aleksandar Kolarov,Manchester City,Defender,2.4591812751,4.7943975168,4.278,1.039,6.43104,5.0931029543,2731,74
31,England,41320,91,Charlie Daniels,Bournemouth,Defender,3.1362401977,3.7365275553,5.356,3.117,8.26848,4.7064631191,3194,74
-1,Unknown,41270,8,David Luiz Moreira Marinho,Chelsea,Defender,1.7036876511,6.8648979592,3.039,0.0,0.0,6.1672094907,3058,74
26,Nigeria,49013,8,Victor Moses,Chelsea,Midfielder,2.978246814,5.5785714286,5.917,2.078,2.2272,3.2150882209,2485,73
26,England,54469,91,Adam Smith,Bournemouth,Defender,2.988439884,3.7961903309,3.478,5.195,7.34976,4.8384814183,3245,73
29,England,39155,14,Adam Lallana,Liverpool,Midfielder,3.5385505628,4.3464996053,10.673,7.273,1.1136,1.7888604527,2338,73
29,Argentina,57410,43,Nicolás Otamendi,Manchester City,Defender,1.6804333314,4.7417311215,1.639,1.039,7.34976,7.0398122869,2701,73
29,Republic of Ireland,59949,11,Seamus Coleman,Everton,Defender,2.0652476246,3.4151724138,5.756,3.117,10.10592,5.0491542038,2476,73
29,England,41725,57,Troy Deeney,Watford,Forward,3.8003700061,3.4307177785,15.229,4.156,0.58464,1.7743245119,3149,73
22,Spain,98745,3,Héctor Bellerín,Arsenal,Defender,2.7757155272,4.38853552,0.8,4.156,11.02464,2.4014618047,2603,72
23,England,83283,20,Nathan Redmond,Southampton,Midfielder,5.0151176294,3.48237159,12.873,1.039,1.8096,1.4771620109,2961,72
28,Spain,59846,1,Ander Herrera,Manchester United,Midfielder,4.03438208,4.5600551175,2.239,6.234,2.088,4.309473267,2628,71
30,England,101668,13,Jamie Vardy,Leicester City,Forward,2.6901578202,3.4448441247,17.068,5.195,0.58464,0.4390889811,2873,71
30,Spain,17878,8,Cesc Fàbregas,Chelsea,Midfielder,5.6605193163,3.1563265306,6.995,11.429,1.2528,1.1378874012,1406,71
33,Greece,40868,57,José Holebas,Watford,Defender,3.9776290157,3.2858192506,3.478,4.156,6.43104,4.6359741473,3016,71
29,Netherlands,39487,110,Erik Pieters,Stoke City,Defender,2.1642548374,3.525305499,0.0,1.039,10.10592,7.2629256741,3297,71
35,Czech Republic,11334,3,Petr Cech,Arsenal,Goalkeeper,0.653135169,5.4270825351,1.239,0.0,15.61824,0.0866938418,3219,71
32,England,15149,91,Simon Francis,Bournemouth,Defender,2.7069314101,3.5657282368,0.0,1.039,8.26848,7.4471665234,3048,71
32,Republic of Ireland,40616,90,Stephen Ward,Burnley,Defender,2.6689510725,3.5060645358,1.239,1.039,9.1872,6.2680478752,3363,71
33,Portugal,38580,20,José Fonte,Southampton,Defender,1.5726833895,3.4131162068,0.6,0.0,10.10592,7.5745093896,3072,70
27,Netherlands,58877,1,Daley Blind,Manchester United,Defender,3.0725498269,3.4026895302,1.439,2.078,10.10592,4.1191645943,1961,70
24,England,83312,25,Ben Gibson,Middlesbrough,Defender,1.1380697818,2.5503959132,2.239,1.039,10.10592,8.6462012582,3566,70
26,Algeria,103025,13,Riyad Mahrez,Leicester City,Midfielder,4.4301863724,3.4376498801,11.834,3.117,1.2528,1.3609591295,2867,70
35,England,7645,11,Phil Jagielka,Everton,Defender,1.2417474703,3.1682758621,4.317,2.078,7.34976,7.2985402184,2297,70
23,Germany,112338,14,Emre Can,Liverpool,Midfielder,3.1500113657,4.5844602338,7.195,2.078,1.392,2.7044580205,2466,70
26,Cameroon,60914,14,Joel Matip,Liverpool,Defender,1.5093862157,4.7201721547,1.839,0.0,7.34976,5.3734193233,2539,70
25,England,82403,31,Wilfried Zaha,Crystal Palace,Midfielder,3.7568054287,3.0241381931,10.873,9.351,0.8352,1.7343598297,3142,70
28,England,40146,20,Ryan Bertrand,Southampton,Defender,2.7688089359,3.0331091964,3.278,4.156,10.10592,3.5134908796,2579,70
26,Portugal,58822,20,Cédric Soares,Southampton,Defender,4.1324795944,3.0225244804,1.2,3.117,10.10592,3.8407199967,2570,70
29,France,38439,57,Etienne Capoue,Watford,Midfielder,3.7870967894,3.6104791102,11.073,1.039,1.1136,3.0740822514,3314,70
29,New Zealand,48717,21,Winston Reid,West Ham United,Defender,1.1264486698,2.8782843993,2.478,2.078,8.26848,8.178588929,2776,69
29,Brazil,47431,8,Willian,Chelsea,Midfielder,4.7566160837,3.5402040816,10.073,2.078,1.8096,0.483365079,1577,69
24,Argentina,86934,21,Manuel Lanzini,West Ham United,Midfielder,4.9156781636,2.8907265508,12.512,2.078,1.2528,1.3909488058,2788,69
32,Brazil,27789,43,Fernandinho,Manchester City,Midfielder,3.6169038628,5.026129656,3.039,1.039,1.1136,3.672994526,2863,69
32,Spain,19760,80,Fernando Llorente,Swansea City,Forward,2.5237809233,2.5900341193,19.546,0.0,0.58464,1.3782840707,2481,69
30,Austria,41945,57,Sebastian Prödl,Watford,Defender,1.3600806473,3.2346145076,2.439,1.039,6.43104,8.7298114916,2969,69
30,Scotland,18987,88,Robert Snodgrass,Hull City,Midfielder,5.4720401739,2.6717450133,11.073,5.195,0.5568,1.271035194,2650,69
29,Serbia,62399,20,Dusan Tadic,Southampton,Midfielder,5.9051015305,2.8755145348,7.317,5.195,1.5312,1.0483286354,2445,68
35,England,7958,56,Jermain Defoe,Sunderland,Forward,1.5299736546,2.1777076226,21.785,2.078,0.50112,0.7466454665,3564,68
28,Austria,41464,110,Marko Arnautovic,Stoke City,Forward,4.4538168087,3.0559063137,10.034,5.195,0.8352,1.3482243762,2858,68
27,England,57531,21,Michail Antonio,West Ham United,Midfielder,3.3317618073,2.6968363554,13.951,3.117,0.9744,1.64894842,2601,68
29,England,40383,20,Fraser Forster,Southampton,Goalkeeper,0.6627266121,4.1856671695,0.0,0.0,18.45792,0.0675967657,3559,68
24,Wales,115556,6,Ben Davies,Tottenham Hotspur,Defender,2.9730946254,3.7624353058,0.6,3.117,9.1872,3.0843711883,1778,68
29,Spain,43670,1,Juan Mata,Manchester United,Midfielder,4.1408934111,2.9098981857,11.673,3.117,1.2528,0.6623925483,1677,67
30,England,40725,13,Danny Simpson,Leicester City,Defender,1.5471354579,3.7194244604,0.0,2.078,8.26848,5.3788427181,3102,67
25,Switzerland,84450,3,Granit Xhaka,Arsenal,Midfielder,3.5380218664,4.3447007434,3.878,2.078,1.2528,3.0048342155,2577,67
29,England,49539,80,Kyle Naughton,Swansea City,Defender,2.6805815176,2.9147018384,3.278,0.0,6.43104,5.6135997515,2792,67
28,Venezuela,57134,35,Salomón Rondón,West Bromwich Albion,Forward,2.5458507996,3.4103067047,13.112,2.078,0.50112,1.1443282498,2975,67
27,Republic of Ireland,48615,91,Harry Arter,Bournemouth,Midfielder,3.3436914332,3.7037715216,3.239,4.156,1.2528,4.6756601104,3166,67
28,England,20467,3,Theo Walcott,Arsenal,Forward,1.4766720933,3.3853935167,16.19,2.078,0.66816,1.1222320096,2008,67
27,Wales,40555,110,Joe Allen,Stoke City,Midfielder,2.666202275,3.2366089613,9.834,2.078,1.6704,3.2119778371,3027,67
23,Côte d'Ivoire,197365,1,Eric Bailly,Manchester United,Defender,0.6572992964,3.636938937,0.2,0.0,11.02464,5.7754431524,2096,67
31,England,19197,31,Jason Puncheon,Crystal Palace,Midfielder,5.7472490827,3.0924748613,2.2,5.195,0.8352,3.1060779957,3213,66
24,England,95658,88,Harry Maguire,Hull City,Defender,1.6699466354,2.4703450388,4.078,2.078,4.5936,7.8685303559,2482,66
32,Spain,42892,25,Álvaro Negredo,Middlesbrough,Forward,2.6433978089,2.1513154534,13.951,4.156,0.91872,1.5916478267,3008,65
27,England,38290,6,Danny Rose,Tottenham Hotspur,Defender,2.8710572731,3.4492517146,3.078,2.078,6.43104,2.4003214359,1630,65
27,Netherlands,74230,56,Patrick van Aanholt,Sunderland,Defender,3.3961816403,1.8545256404,7.795,1.039,5.51232,3.5604550746,2629,65
30,Belgium,26901,11,Kevin Mirallas,Everton,Midfielder,4.1810028007,2.8717241379,8.556,6.234,1.5312,0.5171083519,2082,65
27,England,56979,14,Jordan Henderson,Liverpool,Midfielder,3.7561536108,4.1940560776,1.839,4.156,0.9744,3.0545193353,2256,65
29,Belgium,66797,14,Simon Mignolet,Liverpool,Goalkeeper,0.6253590901,4.8465887386,0.0,0.0,11.35872,0.0779256938,2607,64
31,France,44346,3,Olivier Giroud,Arsenal,Forward,1.5505798765,2.2574909955,16.468,3.117,0.75168,1.2397553917,1339,64
28,Wales,40399,90,Sam Vokes,Burnley,Forward,2.018197022,2.2685686678,13.751,3.117,0.8352,1.9990354615,2176,64
28,Senegal,80801,11,Idrissa Gueye,Everton,Midfielder,2.583992076,3.8537931035,2.039,1.039,1.5312,5.2591751046,2794,64
36,England,1632,11,Gareth Barry,Everton,Midfielder,2.6675561307,3.0275862069,3.478,1.039,1.6704,6.0129032891,2195,64
26,England,60252,31,Andros Townsend,Crystal Palace,Midfielder,4.9604597868,2.5765811403,5.717,4.156,0.8352,2.5697890866,2677,64
28,England,55494,31,Joel Ward,Crystal Palace,Defender,1.8783257197,3.4457080621,0.4,1.039,5.51232,5.6945185667,3580,64
28,England,51938,13,Marc Albrighton,Leicester City,Midfielder,4.6023092571,2.9352517986,3.478,6.234,1.1136,2.0151674428,2448,63
28,England,49944,88,Jake Livermore,Hull City,Midfielder,1.9958475026,3.270185828,2.439,1.039,0.696,6.9185763688,3087,63
-1,Unknown,149266,80,Alfie Mawson,Swansea City,Defender,1.1669764726,2.6182207058,7.634,0.0,0.0,7.2313546308,2508,63
30,Belgium,39104,6,Mousa Dembélé,Tottenham Hotspur,Midfielder,2.7494890558,4.5115365984,1.639,1.039,1.8096,2.7208049315,2132,63
32,Uruguay,52153,57,Miguel Britos,Watford,Defender,1.1507213508,2.6626466341,2.039,2.078,6.43104,6.006848152,2444,63
34,Côte d'Ivoire,14664,43,Yaya Touré,Manchester City,Midfielder,2.4295189602,3.5233818441,8.195,0.0,0.9744,2.1041717424,2007,63
32,England,13017,1,Wayne Rooney,Manchester United,Forward,3.24020439,2.7103523948,8.995,5.195,0.8352,1.1890605885,1562,63
26,Spain,78056,20,Oriol Romeu,Southampton,Midfielder,2.0296293898,3.7481655716,2.039,0.0,1.6704,5.5759397428,3187,63
23,Scotland,122798,88,Andrew Robertson,Hull City,Defender,2.2380695574,2.9062882809,1.239,2.078,4.5936,5.1090939189,2920,62
32,Northern Ireland,19151,35,Chris Brunt,West Bromwich Albion,Midfielder,3.9285725592,2.9311442837,5.117,4.156,0.5568,2.3766057634,2557,62
27,Argentina,58893,1,Marcos Rojo,Manchester United,Defender,0.9595689347,3.114649519,1.839,0.0,8.26848,3.7271800084,1795,62
-1,Unknown,69140,3,Shkodran Mustafi,Arsenal,Defender,1.902539793,4.1052954249,3.278,2.078,0.0,3.836128669,2435,62
28,Belgium,54908,6,Nacer Chadli,Tottenham Hotspur,Midfielder,2.9712410158,2.5471265539,8.795,5.195,0.4176,1.3798933551,2222,62
26,Scotland,50229,35,Matt Phillips,West Bromwich Albion,Midfielder,3.4578320529,2.6147595272,6.156,8.312,0.696,1.5273448987,2281,62
21,Germany,182156,43,Leroy Sané,Manchester City,Midfielder,3.0804095682,3.1950946469,7.995,2.078,1.1136,1.0045190824,1820,62
29,Northern Ireland,37642,35,Jonny Evans,West Bromwich Albion,Defender,1.15145614,3.1374821683,1.639,1.039,3.67488,6.0317526034,2737,61
27,Netherlands,49277,80,Leroy Fer,Swansea City,Midfielder,2.0734231339,2.6234404441,8.434,2.078,0.8352,3.0007867547,2513,61
22,England,101184,3,Calum Chambers,Arsenal,Defender,1.1772329626,1.7484161076,2.678,1.039,6.43104,7.2085275237,2313,61
33,Jamaica,15033,13,Wes Morgan,Leicester City,Defender,0.7465623775,3.118705036,1.639,0.0,3.67488,6.9849071517,2601,61
32,France,17336,43,Gaël Clichy,Manchester City,Defender,1.8183333291,3.8130470181,1.239,0.0,5.51232,2.821620815,2172,61
36,Brazil,18656,57,Heurelho Gomes,Watford,Goalkeeper,0.8457019386,3.8131191568,1.239,0.0,11.35872,0.2746521896,3500,61
26,Netherlands,97032,20,Virgil van Dijk,Southampton,Defender,1.297820644,2.3192289009,2.039,0.0,7.34976,5.293112015,1972,61
28,Argentina,57145,80,Federico Fernández,Swansea City,Defender,0.9911681432,2.626572287,0.4,2.078,5.51232,6.5596800551,2516,61
32,England,19115,88,Curtis Davies,Hull City,Defender,0.7322520554,2.2205236831,1.839,2.078,1.83744,9.5110519258,2231,61
34,England,12679,88,Michael Dawson,Hull City,Defender,0.7111006659,1.7676602695,5.956,0.0,3.67488,7.2993379664,1776,61
31,England,21205,90,Tom Heaton,Burnley,Goalkeeper,0.9584425806,3.4320441427,0.0,0.0,14.1984,0.0444633781,3292,61
23,England,101178,20,James Ward-Prowse,Southampton,Midfielder,3.761858553,2.275713957,7.356,4.156,1.392,1.3239554954,1935,61
30,Egypt,37339,88,Ahmed Elmohamady,Hull City,Defender,2.8494774624,2.6863260515,1.639,2.078,3.67488,3.6370755911,2699,60
26,England,73426,90,Andre Gray,Burnley,Forward,1.5312908683,2.4113967503,13.151,2.078,0.75168,0.3965265487,2313,60
-1,Unknown,85352,110,Bruno Martins Indi,Stoke City,Defender,0.7898085453,3.500712831,2.439,0.0,0.0,7.005296887,3274,60
37,Poland,18726,91,Artur Boruc,Bournemouth,Goalkeeper,0.7777185943,3.9599704992,0.0,0.0,11.35872,0.0802861541,3385,60
24,England,81880,3,Alex Oxlade-Chamberlain,Arsenal,Midfielder,2.9899864113,2.8357728562,3.678,7.273,1.2528,1.5281709955,1682,60
30,France,37901,21,Dimitri Payet,West Ham United,Midfielder,6.2172929749,1.6713956958,5.078,6.234,0.5568,0.2765843377,1612,60
22,France,148225,1,Anthony Martial,Manchester United,Forward,2.3842655991,2.7710837225,7.756,6.234,0.75168,0.6276728261,1597,60
22,Belgium,152760,14,Divock Origi,Liverpool,Forward,1.5903819841,2.994957598,10.273,3.117,0.8352,0.6726508071,1611,60
20,England,176297,1,Marcus Rashford,Manchester United,Forward,1.9525330661,3.2569343438,8.595,1.039,1.33632,0.4643253502,1877,60
23,England,97299,43,John Stones,Manchester City,Defender,1.0892008067,3.8060248321,0.4,0.0,3.67488,4.6830272121,2168,60
32,Poland,37096,80,Lukasz Fabianski,Swansea City,Goalkeeper,0.8047442159,3.7279370576,0.0,0.0,11.35872,0.1088037817,3571,59
33,Scotland,14295,35,Darren Fletcher,West Bromwich Albion,Midfielder,2.1068384811,3.8390309762,3.478,2.078,0.8352,1.9112477339,3349,59
31,France,27341,31,Yohan Cabaye,Crystal Palace,Midfielder,3.1327348181,2.1915858261,6.356,3.117,0.696,2.7625307677,2277,59
27,England,74033,88,Sam Clucas,Hull City,Midfielder,1.8987271186,3.2874897918,3.278,1.039,0.8352,4.3101902625,3303,59
32,Northern Ireland,17339,20,Steven Davis,Southampton,Midfielder,2.9250562066,3.2130493698,1.0,3.117,1.392,3.2413748779,2732,59
31,Denmark,17745,13,Kasper Schmeichel,Leicester City,Goalkeeper,0.6063786167,3.3045563549,0.0,0.0,12.77856,0.2265787283,2756,59
29,Japan,80447,20,Maya Yoshida,Southampton,Defender,0.9774008199,2.4921125968,2.439,0.0,5.51232,4.9758672035,2119,59
29,Cameroon,67527,57,Nyom,Watford,Defender,1.461685848,3.132896882,0.2,2.078,3.67488,4.6019564352,2733,59
31,France,37742,56,Younes Kaboul,Sunderland,Defender,0.7336771283,2.1733057293,2.878,0.0,5.51232,5.1903194187,2037,58
28,Austria,44699,90,Ashley Barnes,Burnley,Forward,1.9706562733,1.9412108729,10.034,2.078,0.66816,1.9398009989,1862,58
27,England,61603,13,Daniel Drinkwater,Leicester City,Midfielder,1.9042364795,3.1570743405,1.639,1.039,1.1136,4.4864725273,2633,58
34,England,9089,35,Ben Foster,West Bromwich Albion,Goalkeeper,0.7571568695,4.0912217241,0.0,0.0,8.51904,0.177042791,3569,58
28,England,55909,1,Chris Smalling,Manchester United,Defender,0.5766310413,2.2626757509,1.239,1.039,9.1872,3.5249185848,1304,58
30,England,19188,31,Scott Dann,Crystal Palace,Defender,0.9307212031,1.8296902307,5.117,1.039,3.67488,4.9198582428,1901,57
28,Armenia,57249,1,Henrikh Mkhitaryan,Manchester United,Midfielder,2.6578611013,2.4778381689,7.356,1.039,1.8096,0.7925857531,1428,57
33,Republic of Ireland,12150,110,Glenn Whelan,Stoke City,Midfielder,2.3294573089,2.4977596741,1.439,1.039,1.6704,5.0464576085,2336,57
26,Argentina,121221,11,Ramiro Funes Mori,Everton,Defender,0.8673613056,2.324137931,0.4,1.039,8.26848,3.6176266916,1685,57
32,Scotland,28244,90,George Boyd,Burnley,Midfielder,1.5132454574,3.1265797035,3.278,1.039,1.392,3.5942450318,2999,57
28,England,56872,91,Junior Stanislas,Bournemouth,Midfielder,2.0704918427,1.6834261591,9.834,5.195,0.8352,1.2150842273,1439,57
27,Spain,78315,11,Joel Robles,Everton,Goalkeeper,0.4770920005,2.435862069,0.0,1.039,14.1984,0.1082667786,1766,57
21,Nigeria,153133,3,Alex Iwobi,Arsenal,Midfielder,2.3694587476,2.5491608552,5.117,3.117,1.1136,1.2434133557,1512,56
27,Senegal,55037,21,Cheikhou Kouyaté,West Ham United,Midfielder,1.4396546027,3.0307007561,1.839,0.0,1.2528,4.5889892423,2923,56
28,Côte d'Ivoire,45076,56,Lamine Koné,Sunderland,Defender,0.7430894527,1.6729976068,1.839,0.0,4.5936,6.7825831621,2738,56
36,Republic of Ireland,7906,31,Damien Delaney,Crystal Palace,Defender,1.0511594203,2.1193992047,0.2,2.078,3.67488,6.0646492278,2202,56
30,Belgium,41184,1,Marouane Fellaini,Manchester United,Midfielder,2.0045404943,3.0226849371,2.439,0.0,2.088,2.8427751159,1742,56
30,England,18073,21,Mark Noble,West Ham United,Midfielder,2.4697164005,2.6263308297,4.517,0.0,1.2528,2.4325601663,2533,56
34,Wales,8380,21,James Collins,West Ham United,Defender,0.7127062385,1.7709329085,2.878,0.0,5.51232,5.2400406462,1708,56
30,England,11467,56,Billy Jones,Sunderland,Defender,2.6655501791,1.4236977443,1.839,0.0,4.5936,5.0167551452,2330,56
25,England,76359,1,Phil Jones,Manchester United,Defender,0.5926002284,2.7676133609,0.0,0.0,5.51232,4.8696291055,1595,56
30,Spain,20399,25,Antonio Barragán,Middlesbrough,Defender,1.4457713049,1.6749936143,0.0,0.0,7.34976,5.0485089035,2342,56
-1,Unknown,90105,91,Ryan Fraser,Bournemouth,Midfielder,3.1918963389,2.1010655884,5.317,5.195,0.0,0.6981588192,1796,55
28,England,49413,31,James Tomkins,Crystal Palace,Defender,0.6994150127,1.9374889187,3.917,0.0,4.5936,4.4774993834,2013,55
33,England,9047,110,Glen Johnson,Stoke City,Defender,1.3833900545,2.2507637475,0.8,0.0,5.51232,3.8734776879,2105,55
28,England,59044,25,Adam Clayton,Middlesbrough,Midfielder,2.150942025,2.0733588761,0.4,2.078,1.392,5.8489168579,2899,55
27,England,55459,21,Aaron Cresswell,West Ham United,Defender,1.7624180426,2.260324204,0.4,2.078,6.43104,2.610758967,2180,55
24,England,88498,91,Benik Afobe,Bournemouth,Forward,1.8881009107,1.8589049109,9.834,3.117,0.66816,0.7653343108,1589,55
30,Scotland,50471,31,James McArthur,Crystal Palace,Midfielder,1.5459393886,1.9490387782,6.395,3.117,0.8352,2.5883818477,2025,55
28,Italy,40002,1,Matteo Darmian,Manchester United,Defender,0.5758552192,2.4778381689,0.0,0.0,8.26848,2.4204837277,1428,54
-1,Unknown,83314,90,Jeff Hendrick,Burnley,Midfielder,1.402057581,2.9086886872,3.278,1.039,0.0,3.1319761595,2790,54
26,France,56864,3,Francis Coquelin,Arsenal,Midfielder,1.6625165127,3.1055253276,0.6,0.0,1.2528,3.4482858199,1842,54
32,Estonia,33871,14,Ragnar Klavan,Liverpool,Defender,0.7903656251,2.8611047444,0.4,0.0,4.5936,3.3428566552,1539,54
25,England,54102,3,Jack Wilshere,Arsenal,Midfielder,3.1307208661,2.4778278221,2.0,2.078,1.1136,1.7379886773,2096,54
26,Netherlands,82428,25,Marten de Roon,Middlesbrough,Midfielder,1.3844341162,2.1112643678,5.556,0.0,1.1136,3.7324100569,2952,54
36,England,3773,110,Peter Crouch,Stoke City,Forward,1.9441899012,1.4862525458,9.234,2.078,0.66816,1.0785915246,1390,53
27,England,58786,31,Martin Kelly,Crystal Palace,Defender,1.044179741,2.079937185,0.0,2.078,2.75616,5.1365762229,2161,53
29,Canada,39158,90,Scott Arfield,Burnley,Midfielder,3.1834312942,2.2289521194,2.439,0.0,0.9744,2.4360865926,2138,53
24,England,109322,1,Jesse Lingard,Manchester United,Midfielder,2.5538432414,2.4032253949,3.639,2.078,1.392,0.7737861569,1385,53
28,England,40145,80,Jack Cork,Swansea City,Midfielder,1.7068934856,2.4950348831,3.478,0.0,0.696,3.3757391793,2390,53
26,Switzerland,68312,110,Xherdan Shaqiri,Stoke City,Midfielder,3.3388832392,1.8016802444,6.156,2.078,0.696,0.2668898917,1685,53
30,Argentina,55829,35,Claudio Yacob,West Bromwich Albion,Midfielder,0.8740707667,2.8577797025,0.0,0.0,0.696,5.5080623324,2493,53
31,Scotland,18008,35,James Morrison,West Bromwich Albion,Midfielder,1.8825903033,2.0312818423,6.795,2.078,0.696,1.4791480552,1772,53
32,USA,50089,110,Geoff Cameron,Stoke City,Defender,1.235949794,1.7674643585,1.0,0.0,5.51232,3.8471213977,1653,52
30,England,15109,88,Tom Huddlestone,Hull City,Midfielder,1.6895691255,2.0781951817,3.478,0.0,0.696,3.7359964311,2088,52
32,Scotland,20208,110,Charlie Adam,Stoke City,Midfielder,2.9702714851,1.6947556008,3.239,2.078,1.1136,1.9774762495,1585,52
30,England,40202,25,George Friend,Middlesbrough,Defender,1.3187643253,1.4482758621,0.2,2.078,5.51232,4.237063806,2025,52
-1,Unknown,149828,13,Islam Slimani,Leicester City,Striker,1.4777435528,1.5395683453,9.873,3.117,0.0,0.8584790575,1284,52
30,Morocco,44604,57,Nordin Amrabat,Watford,Midfielder,2.8592114165,2.3412551623,1.2,3.117,0.9744,1.585489183,2149,52
28,England,40142,21,Andy Carroll,West Ham United,Forward,1.8023222467,1.4629896568,10.073,1.039,0.25056,0.9441997635,1411,52
30,Wales,20066,31,Wayne Hennessey,Crystal Palace,Goalkeeper,0.8193182019,2.6150806717,0.0,0.0,8.51904,0.0957444403,2717,51
22,Belgium,160729,43,Jason Denayer,Manchester City,Defender,0.4831550444,1.2281684404,1.639,0.0,5.51232,5.0973595343,2010,51
29,Italy,40669,21,Angelo Ogbonna,West Ham United,Defender,0.8726139265,1.8580279696,0.2,0.0,4.5936,4.2902461163,1792,51
19,England,173807,11,Tom Davies,Everton,Midfielder,1.2154485823,2.2413793103,3.078,3.117,1.5312,1.7905924402,1625,51
36,Republic of Ireland,3736,56,John O'Shea,Sunderland,Defender,0.5417881696,1.355873517,0.2,1.039,5.51232,5.0967744642,2219,51
32,England,11829,80,Wayne Routledge,Swansea City,Midfielder,2.4728435384,2.0670163467,4.917,1.039,0.5568,0.7545661727,1980,51
27,Brazil,54771,25,Fabio,Middlesbrough,Defender,1.8088187478,1.350293742,0.4,0.0,6.43104,3.3337658959,1888,51
35,Spain,12496,25,Víctor Valdés,Middlesbrough,Goalkeeper,0.6176373139,1.9317496807,0.0,0.0,11.35872,0.2077553214,2701,51
27,Brazil,158074,3,Gabriel,Arsenal,Defender,0.8072284062,2.6587477968,0.4,0.0,2.75616,2.8394681485,1577,50
28,Republic of Ireland,63370,35,James McClean,West Bromwich Albion,Midfielder,2.0003320641,1.8501630324,3.639,2.078,0.8352,1.9304536648,1614,50
28,England,43250,11,Tom Cleverley,Everton,Midfielder,2.4875541455,2.2081066153,0.8,2.078,1.1136,2.2897727275,1906,50
26,England,80179,25,Adam Forshaw,Middlesbrough,Midfielder,2.7071833109,1.976091954,0.8,1.039,1.5312,2.2292245935,2763,50
36,England,2404,1,Michael Carrick,Manchester United,Midfielder,1.43611353,2.8960167394,0.0,0.0,1.2528,2.7411420279,1669,50
27,Uruguay,78091,25,Gastón Ramírez,Middlesbrough,Midfielder,2.8888853373,1.1493231162,3.878,3.117,1.1136,1.4266967779,1607,49
34,France,37748,43,Bacary Sagna,Manchester City,Defender,1.0613810887,2.4893649501,0.2,1.039,3.67488,1.7959097467,1418,49
33,England,15982,90,Dean Marney,Burnley,Midfielder,0.6719152863,1.9516362804,1.639,2.078,0.696,4.1884439595,1872,49
26,Wales,41792,3,Aaron Ramsey,Arsenal,Midfielder,2.0274514639,2.1344164304,2.2,4.156,0.8352,0.9229168861,1266,49
33,England,12002,25,Stewart Downing,Middlesbrough,Midfielder,2.8664230617,1.6342273308,2.239,3.117,1.2528,1.1336046147,2285,49
22,Netherlands,126184,91,Nathan Aké,Bournemouth,Defender,0.5348200424,1.1978439729,3.917,1.039,3.67488,2.7608245656,921,48
27,Uruguay,59856,88,Abel Hernández,Hull City,Forward,0.9962057487,1.5078858718,7.756,3.117,0.4176,0.2014776973,1515,48
25,England,75115,91,Callum Wilson,Bournemouth,Forward,0.6981873353,1.6389715419,8.634,0.0,0.4176,0.6747128547,1401,48
30,Republic of Ireland,20452,20,Shane Long,Southampton,Forward,1.2858200887,1.6500396288,6.117,1.039,1.00224,1.1376101781,1403,48
32,Argentina,20658,43,Pablo Zabaleta,Manchester City,Defender,1.0872488005,2.0733004274,1.439,1.039,3.67488,1.4727691814,1181,48
27,Ghana,45124,21,André Ayew,West Ham United,Forward,1.1354691265,1.5137951091,7.595,2.078,0.50112,0.4593194324,1460,48
34,Republic of Ireland,12813,110,Jonathan Walters,Stoke City,Forward,1.2180771577,1.5193991853,6.556,2.078,0.58464,1.0442722335,1421,48
21,England,194164,11,Mason Holgate,Everton,Defender,0.8574082291,1.884137931,0.6,1.039,4.5936,2.2498391191,1366,48
31,Japan,78412,13,Shinji Okazaki,Leicester City,Forward,1.2369377545,1.9580335731,4.917,1.039,0.75168,1.0161446875,1633,48
22,Ghana,155569,13,Daniel Amartey,Leicester City,Midfielder,1.3409065619,2.1534772182,2.039,1.039,0.5568,2.5032053282,1796,48
36,Argentina,20310,43,Willy Caballero,Manchester City,Goalkeeper,0.2979368224,2.5701200896,0.0,0.0,7.0992,0.0984274638,1464,48
32,Scotland,17997,110,Phil Bardsley,Stoke City,Defender,0.9523999984,1.3301425662,0.4,0.0,6.43104,2.2563325856,1244,47
-1,Unknown,144660,56,Didier Ndong,Sunderland,Midfielder,1.6023174764,1.6601659962,2.039,0.0,0.0,3.5944589478,2717,47
30,Brazil,43191,14,Lucas Leiva,Liverpool,Midfielder,1.0466400904,2.2680622406,0.2,3.117,1.2528,2.4369249868,1220,47
29,Senegal,80935,56,Papy Djilobodji,Sunderland,Defender,0.6065155641,1.0369163399,0.4,0.0,1.83744,6.5339733744,1697,47
-1,Unknown,52940,57,Daryl Janmaat,Watford,Defender,1.5977891134,1.8673389242,3.678,1.039,0.0,1.8742058739,1714,47
-1,Unknown,203341,13,Onyinye Wilfred Ndidi,Leicester City,Midfielder,0.8181712269,1.8309352518,3.278,1.039,0.0,3.0453958842,1527,47
23,Netherlands,165990,6,Vincent Janssen,Tottenham Hotspur,Forward,1.2598091005,2.0272289218,4.878,2.078,0.8352,0.3000398609,958,47
32,Switzerland,21123,57,Valon Behrami,Watford,Midfielder,0.7007656116,2.2551876156,0.0,0.0,0.8352,3.8468638509,2070,46
31,Spain,86173,43,Nolito,Manchester City,Forward,1.2287911368,1.4799257073,6.556,2.078,0.33408,0.3938839518,843,46
28,England,44683,20,Jay Rodriguez,Southampton,Forward,0.7212022923,1.1772556439,8.195,2.078,0.58464,0.4416567732,1001,46
28,England,78356,20,Charlie Austin,Southampton,Forward,0.7956843244,1.0725845627,9.634,1.039,0.4176,0.4154454908,912,46
25,Spain,59779,21,Pedro Obiang,West Ham United,Midfielder,0.9840950624,1.9679336419,1.439,1.039,0.8352,2.9878474832,1898,46
33,Switzerland,11974,88,Eldin Jakupovic,Hull City,Goalkeeper,0.3902737949,2.1259697836,0.0,0.0,7.0992,0.1108721575,2136,46
28,England,40755,14,Daniel Sturridge,Liverpool,Forward,1.1505136492,1.4463544452,7.317,1.039,0.58464,0.0213299904,778,46
25,Spain,80789,80,Jordi Amat,Swansea City,Defender,0.5222562594,1.5836685848,0.8,0.0,1.83744,4.5321336359,1517,46
28,Congo DR,55452,31,Yannick Bolasie,Crystal Palace,Midfielder,2.2267424794,1.5098371369,2.239,4.156,0.4176,0.8091420522,1104,46
-1,Unknown,205651,43,Gabriel Fernando de Jesus,Manchester City,Midfielder,0.7592330169,1.0638611846,8.434,3.117,0.0,0.0845796976,606,45
-1,Unknown,33148,43,Claudio Bravo,Manchester City,Goalkeeper,0.4469856996,3.7147364136,0.0,0.0,0.0,0.0923499893,2116,45
-1,Unknown,39167,88,Andrea Ranocchia,Hull City,Defender,0.5520350625,1.3277358105,2.878,2.078,0.0,3.8172422734,1334,45
30,England,20037,91,Marc Pugh,Bournemouth,Midfielder,1.7279623807,1.5734594746,3.278,2.078,0.696,1.0697065206,1345,45
28,Northern Ireland,41338,57,Craig Cathcart,Watford,Defender,0.6033838812,1.3749018217,0.2,1.039,2.75616,3.8797779805,1262,45
30,Republic of Ireland,32259,21,Darren Randolph,West Ham United,Goalkeeper,0.4931761834,2.2406241307,0.0,0.0,5.67936,0.0857049983,2161,45
29,Wales,13152,13,Andy King,Leicester City,Midfielder,0.7327032508,1.7529976019,2.439,0.0,0.696,3.0347157867,1462,45
35,Netherlands,10318,11,Maarten Stekelenburg,Everton,Goalkeeper,0.3523494359,2.4731034483,1.239,0.0,4.25952,0.1013951486,1793,45
-1,Unknown,88900,20,Jack Stephens,Southampton,Defender,0.6532460072,1.735893437,0.0,1.039,0.0,4.650597076,1476,45
-1,Unknown,39847,90,Steven Defour,Burnley,Midfielder,2.3138112536,1.1394970377,2.239,3.117,0.0,1.5245860167,1093,44
21,England,172632,13,Demarai Gray,Leicester City,Midfielder,1.6711656892,1.396882494,2.639,3.117,0.9744,0.6600491233,1165,44
31,England,15237,91,Andrew Surman,Bournemouth,Midfielder,1.3048149071,2.1385010554,0.4,1.039,0.5568,1.7716866217,1828,44
27,England,40387,91,Dan Gosling,Bournemouth,Midfielder,1.0523299416,1.6682180006,2.678,0.0,1.1136,1.9521244222,1426,44
30,Spain,60706,21,Adrián,West Ham United,Goalkeeper,0.3501124502,1.4992792656,0.0,0.0,8.51904,0.0549252913,1446,44
22,Denmark,132015,20,Pierre-Emile Højbjerg,Southampton,Midfielder,1.6948875202,1.644159231,0.8,0.0,0.9744,2.288147532,1398,44
28,England,42427,3,Kieran Gibbs,Arsenal,Defender,1.2897324567,1.262778757,0.4,1.039,5.51232,0.7422806773,749,44
23,England,111234,56,Jordan Pickford,Sunderland,Goalkeeper,0.9420142551,1.6571108509,0.0,0.0,5.67936,0.1635684837,2712,43
32,Spain,17740,43,Jesús Navas,Manchester City,Midfielder,1.9001074056,2.0136118461,0.4,0.0,0.8352,0.864536679,1147,43
31,Uruguay,49464,25,Cristhian Stuani,Middlesbrough,Forward,0.7870189436,1.0234482759,6.156,0.0,0.58464,1.3530341491,1431,43
26,Italy,77454,56,Fabio Borini,Sunderland,Forward,1.3568903887,1.0839655787,4.878,1.039,0.33408,1.2671836996,1774,43
27,England,77794,6,Kieran Trippier,Tottenham Hotspur,Defender,0.9688952414,1.1278841496,0.0,3.117,4.5936,1.1667073815,533,43
-1,Unknown,45268,6,Moussa Sissoko,Tottenham Hotspur,Midfielder,1.8440559984,2.1182214517,0.4,2.078,0.0,0.6142500939,1001,43
29,Senegal,61858,110,Mame Biram Diouf,Stoke City,Forward,1.1775065429,1.5365071283,1.439,2.078,0.75168,1.6163829339,1437,42
-1,Unknown,20046,57,Stefano Okaka,Watford,Striker,1.2538123549,1.0426157237,6.356,0.0,0.0,0.4514359689,957,42
27,Iceland,60586,90,Johann Berg Gudmundsson,Burnley,Midfielder,1.5873669985,1.0936252447,2.639,2.078,0.5568,1.4730783753,1049,42
33,Serbia,41135,8,Branislav Ivanovic,Chelsea,Defender,0.5240066015,1.4726530612,0.4,0.0,5.51232,0.9351981546,656,42
22,Belgium,154976,56,Adnan Januzaj,Sunderland,Midfielder,2.6781649672,1.0204185549,1.4,3.117,0.4176,0.6948137612,1670,42
31,Belgium,17476,43,Vincent Kompany,Manchester City,Defender,0.4248357907,1.3710818237,2.478,0.0,2.75616,1.4254658094,781,42
24,England,113564,21,Sam Byram,West Ham United,Defender,0.7566340441,1.3126469919,0.0,1.039,3.67488,2.144598167,1266,42
22,England,106760,1,Luke Shaw,Manchester United,Defender,1.0987668187,1.2580060731,0.2,1.039,4.5936,0.8767295758,725,42
25,England,93464,6,Tom Carroll,Tottenham Hotspur,Midfielder,1.5803196156,1.4511718634,1.439,2.078,0.8352,1.2735701142,1387,42
21,Nigeria,173515,43,Kelechi Iheanacho,Manchester City,Forward,0.9569645742,1.0673722776,5.556,3.117,0.33408,0.1314389095,608,42
28,Ecuador,148179,21,Enner Valencia,West Ham United,Forward,0.6835471809,1.2281061123,5.317,1.039,0.58464,0.4680480938,945,41
24,France,121599,57,Abdoulaye Doucouré,Watford,Midfielder,1.1388791091,1.5034584104,2.439,0.0,0.696,1.451790861,1380,41
-1,Unknown,96764,57,M'Baye Niang,Watford,Striker,0.9899880666,1.3291443918,4.478,2.078,0.0,0.5275635579,1220,41
27,Costa Rica,77762,11,Bryan Oviedo,Everton,Defender,1.0084156566,1.1898094397,0.2,0.0,2.75616,2.4239165248,1311,41
32,Sweden,19057,56,Sebastian Larsson,Sunderland,Midfielder,1.9685762408,0.898823769,0.6,1.039,0.696,2.5864383555,1471,41
-1,Unknown,6744,110,Lee Grant,Stoke City,Goalkeeper,0.7588659219,2.8955193483,0.0,0.0,0.0,0.1426367688,2708,41
27,Algeria,44336,21,Sofiane Feghouli,West Ham United,Midfielder,1.639413837,1.0835040336,3.078,3.117,0.4176,0.4966285673,1045,41
22,England,156074,3,Rob Holding,Arsenal,Defender,0.6137459558,1.2863820983,0.4,0.0,3.67488,1.7169398989,763,41
25,Argentina,62974,6,Erik Lamela,Tottenham Hotspur,Midfielder,1.7205238319,1.3627718431,2.439,1.039,0.5568,0.3078253916,644,40
-1,Unknown,128198,20,Sofiane Boufal,Southampton,Striker,1.8914970851,1.3666044538,2.239,0.0,0.0,0.8487952103,1162,40
32,Spain,19524,3,Santiago Cazorla,Arsenal,Midfielder,1.2258356982,1.1110429918,2.878,2.078,0.5568,0.7105020747,659,40
26,Belgium,85624,57,Christian Kabasele,Watford,Defender,0.4244672501,0.9216853733,2.678,0.0,3.67488,1.2487806284,846,40
24,France,105717,21,Arthur Masuaku,West Ham United,Defender,0.9438511752,1.0959461852,0.0,1.039,3.67488,1.4775708375,1057,40
27,Germany,59859,43,Ilkay Gündogan,Manchester City,Midfielder,1.1111845425,1.2727712192,3.917,1.039,0.4176,0.3027090934,725,40
28,France,42774,1,Morgan Schneiderlin,Manchester United,Midfielder,0.7398241974,1.4755036996,1.639,0.0,1.1136,1.7937656465,1062,40
28,Nigeria,58498,57,Odion Ighalo,Watford,Forward,0.9049468268,1.5099951861,3.039,1.039,0.16704,0.4381866246,1386,39
-1,Unknown,113688,88,Oumar Niasse,Hull City,Striker,0.7688412346,1.0868721927,5.756,0.0,0.0,0.3541080732,1092,39
27,Spain,75880,25,Daniel Ayala,Middlesbrough,Defender,0.293051984,0.692311622,2.039,0.0,3.67488,2.1786281389,968,39
-1,Unknown,49957,88,Kamil Grosicki,Hull City,Midfielder,2.0992410096,1.1525622703,1.2,3.117,0.0,0.3133310087,1158,39
-1,Unknown,61566,57,Roberto Pereyra,Watford,Midfielder,1.4106984287,1.2016772657,2.878,2.078,0.0,0.282519553,1103,39
-1,Unknown,28654,80,Martin Olsson,Swansea City,Defender,0.9192032552,1.3038906147,2.878,0.0,0.0,1.5444387186,1249,39
-1,Unknown,28593,56,Victor Anichebe,Sunderland,Striker,1.2700591278,0.8157238149,4.917,0.0,0.0,0.7493776595,1335,39
25,Spain,61595,110,Marc Muniesa,Stoke City,Defender,0.464133618,0.758095723,1.639,0.0,3.67488,1.8496685873,709,39
27,Norway,111847,88,Adama Diomande,Hull City,Forward,1.1511788721,1.271998775,3.278,0.0,0.08352,0.7288494776,1278,39
24,Germany,104542,14,Loris Karius,Liverpool,Goalkeeper,0.1909252215,1.7884228487,0.0,0.0,4.25952,0.0322058392,962,39
28,Korea Republic,76542,80,Ki Sung-yueng,Swansea City,Midfielder,1.0765383212,1.4343840709,0.2,1.039,0.5568,1.3313476626,1374,38
-1,Unknown,66975,31,Luka Milivojevic,Crystal Palace,Midfielder,0.6353306689,1.1703857552,2.678,0.0,0.0,1.9574182954,1216,38
-1,Unknown,159533,25,Adama Traoré,Middlesbrough,Striker,2.1730760637,1.1972413793,0.4,1.039,0.0,0.9725345294,1674,38
31,Colombia,42738,57,Juan Zuñiga,Watford,Defender,0.5203703727,1.0132002331,1.239,0.0,3.67488,0.8040006388,930,38
25,Gambia,111787,80,Modou Barrow,Swansea City,Forward,1.9424077037,1.2569129704,0.6,2.078,0.25056,0.5294414385,1204,38
32,England,18892,1,Ashley Young,Manchester United,Midfielder,1.1570523236,1.4263186098,0.0,1.039,0.8352,1.1980639848,822,38
35,Spain,42996,80,Angel Rangel,Swansea City,Defender,0.7730246483,0.9771350003,1.639,0.0,1.83744,1.4525522785,936,37
26,Netherlands,85654,20,Jordy Clasie,Southampton,Midfielder,0.6267420421,1.2619333725,1.839,1.039,0.696,0.8691600677,1073,37
37,England,1718,8,John Terry,Chelsea,Defender,0.3285983313,1.156122449,1.439,0.0,2.75616,0.7363372727,515,37
25,England,17761,90,James Tarkowski,Burnley,Defender,0.4222151041,0.6150990414,0.0,0.0,4.5936,1.8302351867,590,37
-1,Unknown,49688,88,Alfred N'Diaye,Hull City,Midfielder,0.5566119226,1.2401490404,1.639,0.0,0.0,2.1085189401,1246,37
21,England,157668,6,Harry Winks,Tottenham Hotspur,Midfielder,0.7825878002,1.2908242613,1.439,1.039,0.9744,0.6863010855,610,37
-1,Unknown,15276,90,Joey Barton,Burnley,Midfielder,1.0071783245,1.2395809495,1.639,0.0,0.0,1.6095604442,1189,37
23,Scotland,96306,80,Stephen Kingsley,Swansea City,Defender,0.6568530436,1.1493863625,0.2,0.0,2.75616,1.3054494378,1101,37
-1,Unknown,49440,35,Hal Robson-Kanu,West Bromwich Albion,Striker,0.7504096012,0.9537395557,4.317,2.078,0.0,0.2230699925,832,37
28,Colombia,55317,25,Bernardo,Middlesbrough,Defender,0.3191235887,0.7423754789,0.2,0.0,3.67488,2.4144481033,1038,37
-1,Unknown,61548,20,Manolo Gabbiadini,Southampton,Striker,0.4867394564,0.8408968885,5.956,0.0,0.0,0.1743096653,715,36
25,Nigeria,90714,13,Ahmed Musa,Leicester City,Forward,0.7832551467,1.0335731415,3.278,1.039,0.16704,0.3116951179,862,36
26,England,49384,56,Jack Rodwell,Sunderland,Midfielder,0.8305022209,0.9134884668,0.8,1.039,0.4176,2.3170563329,1495,36
23,Serbia,99323,14,Lazar Markovic,Liverpool,Midfielder,0.8384320594,1.0430788077,3.078,0.0,0.4176,0.5730710265,1048,36
30,Wales,18805,31,Joe Ledley,Crystal Palace,Midfielder,0.6062081896,1.186748056,1.239,0.0,0.2784,1.4415473977,1233,35
27,England,50175,3,Danny Welbeck,Arsenal,Forward,0.302319488,1.2105142157,3.278,0.0,0.4176,0.4242385542,718,35
26,Tunisia,60165,56,Wahbi Khazri,Sunderland,Midfielder,1.7385444577,0.5871989409,3.039,0.0,0.2784,0.2479143263,961,35
22,England,103912,91,Jordon Ibe,Bournemouth,Midfielder,1.5937238164,1.2786551715,0.2,0.0,0.4176,0.660062303,1093,35
25,Netherlands,97615,80,Mike van der Hoorn,Swansea City,Defender,0.2592574148,0.7380709884,1.439,0.0,1.83744,2.0387057821,707,35
26,Brazil,61262,8,Oscar,Chelsea,Midfielder,1.3547096943,1.0753061225,0.4,1.039,0.5568,0.6878128245,479,35
28,Curaçao,56192,20,Cuco Martina,Southampton,Defender,0.6808475967,0.7456344438,0.0,0.0,4.5936,0.7014730227,634,35
28,Republic of Ireland,53371,88,David Meyler,Hull City,Midfielder,0.6476928895,1.0739332381,1.639,0.0,0.5568,1.2421699017,1079,35
-1,Unknown,90517,90,Robbie Brady,Burnley,Midfielder,1.4933349391,0.7443740941,1.639,2.078,0.0,0.8965547218,714,35
26,England,58791,6,Ryan Mason,Tottenham Hotspur,Midfielder,0.7735481856,0.9833605553,1.839,0.0,0.1392,1.1204856173,988,34
27,Norway,43626,21,Håvard Nordtveit,West Ham United,Midfielder,0.5514769192,1.0793566497,0.2,1.039,0.8352,1.561582833,1041,34
24,Ghana,86417,13,Jeffrey Schlupp,Leicester City,Midfielder,0.7256840061,1.1420590131,0.0,0.0,0.5568,1.8976951747,1147,34
24,England,149484,91,Tyrone Mings,Bournemouth,Defender,0.2607252565,0.6375727983,2.678,0.0,0.91872,1.5136579118,545,34
27,Republic of Ireland,50472,11,James McCarthy,Everton,Midfielder,0.5234629335,0.9062068966,1.639,1.039,0.2784,1.0187876995,657,33
24,Belgium,94245,8,Michy Batshuayi,Chelsea,Forward,0.123720237,0.7295918367,4.117,1.039,0.75168,0.0679981511,325,33
32,Algeria,44302,57,Adlène Guédioura,Watford,Midfielder,1.019221052,0.9626487923,0.8,1.039,0.2784,0.7803255235,942,33
21,Nigeria,173514,57,Isaac Success,Watford,Forward,0.5738543823,0.7103296258,2.439,1.039,0.33408,0.8193661576,652,33
35,England,15114,80,Leon Britton,Swansea City,Midfielder,0.3922265006,1.1671334725,0.0,0.0,0.8352,1.4820283657,1118,33
20,England,172850,13,Ben Chilwell,Leicester City,Defender,0.3393678856,0.8189448441,1.439,0.0,1.83744,1.0799361176,683,33
27,France,40784,14,Mamadou Sakho,Liverpool,Defender,0.4823508762,0.7055039133,0.0,0.0,2.75616,1.2967619473,733,33
25,Egypt,153256,3,Mohamed Elneny,Arsenal,Midfielder,0.6104417159,1.2594068511,0.4,1.039,0.696,0.5426657351,747,33
28,Wales,47390,80,Neil Taylor,Swansea City,Defender,0.4591069057,1.0272444875,0.0,0.0,0.91872,1.4782436566,984,32
24,England,91972,35,Saido Berahino,West Bromwich Albion,Forward,0.3325652059,1.1034846723,1.8,0.0,0.50112,0.3340289152,1014,32
-1,Unknown,41321,13,Yohan Benalouane,Leicester City,Defender,0.2901914252,1.0947242206,0.2,0.0,0.0,2.1039027569,913,32
23,Scotland,160816,56,Donald Love,Sunderland,Defender,0.4946497247,0.416721829,0.2,1.039,1.83744,2.0118108744,682,32
29,Côte d'Ivoire,57001,43,Wilfried Bony,Manchester City,Forward,0.6680365669,0.7548879837,3.078,0.0,0.25056,0.363783563,706,32
-1,Unknown,80146,80,Jordan Ayew,Swansea City,Striker,0.6014647219,0.8873555024,1.0,3.117,0.0,0.3055661034,850,31
-1,Unknown,109528,56,Javier Manquillo,Sunderland,Defender,0.5605114954,0.8878252457,0.0,0.0,0.0,2.0719766854,1453,31
-1,Unknown,15144,88,David Marshall,Hull City,Goalkeeper,0.2326707188,1.4392098816,1.239,0.0,0.0,0.0201147118,1446,31
23,England,115854,56,Duncan Watmore,Sunderland,Forward,0.9506198809,0.6568562554,0.8,2.078,0.08352,0.7393180138,1075,31
27,Spain,40276,110,Bojan,Stoke City,Forward,0.4312080875,0.5463849287,3.917,0.0,0.16704,0.3745669117,511,31
-1,Unknown,163526,21,Edimilson Fernandes,West Ham United,Midfielder,0.54032107,1.1270515641,0.6,0.0,0.0,1.1032105192,1087,31
33,USA,41705,25,Brad Guzan,Middlesbrough,Goalkeeper,0.1807055038,0.6186462324,0.0,0.0,4.25952,0.0422631952,865,30
30,Brazil,52538,43,Fernando,Manchester City,Midfielder,0.4165250604,1.1428607775,0.0,0.0,0.2784,0.9231940502,651,30
25,Austria,97485,6,Kevin Wimmer,Tottenham Hotspur,Defender,0.1928133011,0.7977717156,1.239,0.0,1.83744,0.4642527356,377,30
34,Sweden,39253,35,Jonas Olsson,West Bromwich Albion,Defender,0.1236601277,0.7153046668,0.0,0.0,0.91872,2.0038423639,624,30
25,France,102738,110,Giannelli Imbula,Stoke City,Midfielder,0.5858807967,0.9142057026,1.239,0.0,0.4176,0.3266377282,855,30
20,Egypt,205102,110,Ramadan Sobhi,Stoke City,Midfielder,0.6802240644,0.8981670061,0.2,1.039,0.696,0.4430598891,840,30
25,Spain,100059,14,Alberto Moreno,Liverpool,Defender,0.4854789001,0.6822777396,0.0,1.039,1.83744,0.3686876179,367,29
-1,Unknown,39472,88,Dieudonne Mbokani Bezua,Hull City,Striker,0.7329599312,0.8211259698,0.8,1.039,0.0,0.446978509,825,29
34,Netherlands,39215,6,Michel Vorm,Tottenham Hotspur,Goalkeeper,0.1076377054,0.9437829845,0.0,0.0,2.83968,0.0386964068,446,29
31,England,10460,25,Grant Leadbitter,Middlesbrough,Midfielder,0.8261745512,0.4813282248,1.639,0.0,0.5568,0.4927801957,673,29
23,Scotland,96305,80,Jay Fulton,Swansea City,Midfielder,0.3262854998,0.7610378367,0.0,0.0,0.1392,1.5090062375,729,28
20,England,155408,91,Lewis Cook,Bournemouth,Midfielder,0.5497362524,0.5416444139,0.4,2.078,0.2784,0.8017446726,463,28
24,Argentina,168287,21,Jonathan Calleri,West Ham United,Forward,0.6921609887,0.6386971145,1.639,0.0,0.58464,0.1578222168,616,28
31,Argentina,54316,13,Leonardo Ulloa,Leicester City,Forward,0.3857001614,0.6510791367,2.039,0.0,0.50112,0.3152286041,543,28
-1,Unknown,20145,57,Adrian Mariappa,Watford,Defender,0.2521174657,0.6656616585,0.0,0.0,0.0,2.0034999475,611,28
-1,Unknown,153373,20,Sam McQueen,Southampton,Defender,0.4258355248,0.8091427403,0.0,0.0,0.0,1.5135632886,688,28
24,England,59125,31,Connor Wickham,Crystal Palace,Forward,0.1359093138,0.4398571465,3.078,0.0,0.0,0.3402961799,457,27
30,England,17349,11,Aaron Lennon,Everton,Midfielder,0.4948608593,0.7531034483,0.0,1.039,0.5568,0.5567705663,546,27
25,Spain,83091,80,Borja Bastón,Swansea City,Forward,0.41993203,0.6806538677,1.639,0.0,0.25056,0.3325529073,652,27
-1,Unknown,49207,25,Rudy Gestede,Middlesbrough,Striker,0.9416935532,0.3833461047,2.039,0.0,0.0,0.1944655132,536,27
24,England,91979,90,Jon Flanagan,Burnley,Defender,0.1323069457,0.4159737585,0.0,0.0,2.75616,0.8048772686,399,27
23,France,103192,8,Kurt Zouma,Chelsea,Defender,0.1863995256,0.6689795918,0.0,1.039,0.91872,0.5451762948,298,26
-1,Unknown,155851,3,Lucas Pérez Martínez,Arsenal,Striker,0.5765654112,0.5513066135,1.839,0.0,0.0,0.0869515302,327,26
23,Spain,94924,11,Gerard Deulofeu,Everton,Forward,0.879073573,0.7048275862,0.6,0.0,0.16704,0.1477150577,511,26
-1,Unknown,7525,56,Steven Pienaar,Sunderland,Midfielder,0.5717313702,0.5132644228,0.4,0.0,0.0,1.1942820222,840,26
29,Italy,20487,56,Vito Mannone,Sunderland,Goalkeeper,0.1318892964,0.5303732369,0.0,0.0,2.83968,0.067606144,868,26
28,Ecuador,49195,80,Jefferson Montero,Swansea City,Midfielder,0.990358885,0.4582930183,0.2,1.039,0.2784,0.1386969747,439,25
41,Republic of Ireland,1822,110,Shay Given,Stoke City,Goalkeeper,0.12496176,0.5185845214,1.239,0.0,1.41984,0.0211269084,485,25
34,Scotland,9110,88,Shaun Maloney,Hull City,Midfielder,0.3866548426,0.3264597795,1.239,2.078,0.1392,0.3441890648,328,25
-1,Unknown,52287,88,Evandro Goebel,Hull City,Striker,0.9310041599,0.6200745202,0.0,0.0,0.0,0.3390936199,623,25
22,Northern Ireland,160817,56,Paddy McNair,Sunderland,Defender,0.3422633953,0.2334131066,1.239,0.0,0.91872,0.6601817619,382,25
23,Denmark,123125,25,Viktor Fischer,Middlesbrough,Forward,0.5848075822,0.3390038314,0.4,3.117,0.33408,0.0817382523,474,25
-1,Unknown,82771,88,Markus Henriksen,Hull City,Striker,0.2923948668,0.7066659861,0.0,0.0,0.0,0.954991433,710,25
19,England,169187,14,Trent Alexander-Arnold,Liverpool,Defender,0.1109594625,0.3643772124,0.4,0.0,1.83744,0.4190859373,196,24
28,England,41823,43,Fabian Delph,Manchester City,Midfielder,0.2013106871,0.4581976389,1.439,0.0,0.2784,0.4185115367,261,24
29,Korea Republic,75773,31,Lee Chung-yong,Crystal Palace,Midfielder,0.6695077796,0.509156303,0.4,1.039,0.0,0.3075213939,529,24
22,England,89085,8,Nathaniel Chalobah,Chelsea,Midfielder,0.3659364598,0.4826530612,0.2,1.039,0.9744,0.1794542585,215,24
22,England,169359,20,Matt Targett,Southampton,Defender,0.5421245931,0.4680796666,0.0,0.0,0.91872,0.3691744591,398,24
28,Germany,51934,13,Ron-Robert Zieler,Leicester City,Goalkeeper,0.1489775828,0.9760191847,0.0,0.0,0.0,0.0675967657,814,23
-1,Unknown,219352,11,Ademola Lookman,Everton,Striker,0.0691687122,0.4344827586,2.239,0.0,0.0,0.1501133103,315,23
31,England,28468,35,Craig Gardner,West Bromwich Albion,Midfielder,0.879258139,0.3003362543,0.0,1.039,0.4176,0.1026530527,262,23
-1,Unknown,57586,80,Luciano Narsingh,Swansea City,Striker,0.4959537222,0.4729082854,0.0,2.078,0.0,0.0776522633,453,23
30,Argentina,42899,1,Sergio Romero,Manchester United,Goalkeeper,0.0569429298,0.331419531,0.0,0.0,2.83968,0.0110695525,191,23
-1,Unknown,177815,11,Dominic Calvert-Lewin,Everton,Midfielder,0.0825684862,0.5324137931,1.239,0.0,0.0,0.4523803822,386,23
30,Republic of Ireland,27707,11,Darron Gibson,Everton,Midfielder,0.311311021,0.4124446255,0.0,0.0,0.2784,0.8677399276,675,22
-1,Unknown,60270,21,Simone Zaza,West Ham United,Striker,0.6568902942,0.507017677,0.4,0.0,0.0,0.1304677076,489,22
32,France,44413,31,Steve Mandanda,Crystal Palace,Goalkeeper,0.2123525189,0.839289785,0.0,0.0,0.0,0.0,872,22
29,England,28448,56,Lee Cattermole,Sunderland,Midfielder,0.2481434769,0.3409542237,0.2,0.0,0.0,1.1828304532,558,22
-1,Unknown,176296,21,Ashley Fletcher,West Ham United,Striker,0.391698654,0.4686543762,1.0,0.0,0.0,0.0612708784,452,22
-1,Unknown,92293,88,Omar Elabdellaoui,Hull City,Midfielder,0.2476908063,0.5683187015,0.0,0.0,0.0,0.7381552637,571,22
18,England,221267,88,Josh Tymon,Hull City,Defender,0.0385189929,0.2607697019,0.0,0.0,1.83744,0.4778028528,262,22
21,France,178304,91,Lys Mousset,Bournemouth,Forward,0.2349070673,0.3041631698,1.639,0.0,0.16704,0.2926697558,260,22
-1,Unknown,60551,90,Ashley Westwood,Burnley,Midfielder,0.2754314361,0.5410786483,0.0,0.0,0.0,0.6586512031,519,22
31,Netherlands,19568,110,Ibrahim Afellay,Stoke City,Midfielder,0.2088631038,0.4747454175,0.2,0.0,0.696,0.1076323612,444,21
-1,Unknown,114093,11,Matthew Pennington,Everton,Defender,0.0981826299,0.2662068966,1.239,0.0,0.0,0.3798327883,193,20
25,Turkey,59796,21,Gökhan Töre,West Ham United,Midfielder,0.6034691033,0.2643957211,0.0,1.039,0.1392,0.0695073672,255,20
24,England,105666,110,Jack Butland,Stoke City,Goalkeeper,0.0929884264,0.4105906314,0.0,0.0,1.41984,0.0211269084,384,20
21,England,108824,11,Brendan Galloway,Everton,Defender,0.135075453,0.2980436112,0.2,0.0,0.91872,0.4554837878,260,20
-1,Unknown,153379,20,Joshua Sims,Southampton,Striker,0.1970792622,0.2846112546,0.6,1.039,0.0,0.0778005298,242,19
-1,Unknown,106617,25,Patrick Bamford,Middlesbrough,Striker,0.0875174513,0.2560933102,1.439,0.0,0.0,0.1583244404,321,19
28,Spain,130025,13,Luis Hernández,Leicester City,Defender,0.3863952317,0.4208633094,0.0,0.0,0.0,0.3122320869,351,19
25,Argentina,98980,3,Emiliano Martinez,Arsenal,Goalkeeper,0.0331959343,0.3220170128,0.0,0.0,1.41984,0.0,191,19
27,Senegal,73889,21,Diafra Sakho,West Ham United,Forward,0.1294900901,0.1980375793,1.239,0.0,0.08352,0.0577989221,191,18
32,Australia,15885,91,Adam Federici,Bournemouth,Goalkeeper,0.0414148151,0.2316319524,0.0,0.0,1.41984,0.0,198,18
27,Senegal,79228,31,Pape Souaré,Crystal Palace,Defender,0.2083047498,0.2762341379,0.0,0.0,0.0,0.6467893757,287,18
19,England,195864,35,Sam Field,West Bromwich Albion,Midfielder,0.3220500934,0.3519207255,0.0,0.0,0.2784,0.1347955755,307,18
30,England,28541,31,Fraizer Campbell,Crystal Palace,Forward,0.1101067292,0.2194473291,1.239,0.0,0.0,0.074578772,228,18
27,Scotland,20047,25,Jordan Rhodes,Middlesbrough,Forward,0.1725189409,0.1687867178,0.8,0.0,0.08352,0.3890835756,236,18
30,England,21083,80,Nathan Dyer,Swansea City,Midfielder,0.277927031,0.2609869125,0.2,1.039,0.1392,0.1003870123,250,18
25,France,86881,13,Nampalys Mendy,Leicester City,Midfielder,0.1753180531,0.3273381295,0.0,0.0,0.2784,0.2748253139,273,17
28,Equatorial Guinea,48771,25,Nsue,Middlesbrough,Midfielder,0.2071027714,0.2388761175,0.0,0.0,0.1392,0.4939278047,334,17
30,Côte d'Ivoire,59741,91,Max Gradel,Bournemouth,Forward,0.1464890144,0.2363113858,0.4,0.0,0.33408,0.1611017729,202,17
25,England,106603,31,Ezekiel Fryers,Crystal Palace,Defender,0.2308043565,0.2367721182,0.0,1.039,0.0,0.2545824909,246,17
-1,Unknown,49696,57,Mauro Zárate,Watford,Striker,0.3431203106,0.2342344625,0.6,0.0,0.0,0.0084648123,215,17
-1,Unknown,41674,90,Kevin Long,Burnley,Defender,0.0494229925,0.2012103644,0.0,0.0,0.0,0.8584621466,193,17
23,Australia,120447,91,Brad Smith,Bournemouth,Defender,0.1551829626,0.3345794868,0.2,0.0,0.0,0.3713354637,286,17
28,France,40833,20,Jérémy Pied,Southampton,Defender,0.1173883008,0.1681793777,0.0,0.0,0.91872,0.3179098184,143,17
-1,Unknown,18155,31,Mathieu Flamini,Crystal Palace,Midfielder,0.102885164,0.2974088802,0.2,0.0,0.0,0.3549301338,309,16
19,Netherlands,201084,1,Timothy Fosu-Mensah,Manchester United,Defender,0.0047660012,0.0312332542,0.0,0.0,1.83744,0.0165573018,18,16
-1,Unknown,18759,21,Álvaro Arbeloa,West Ham United,Defender,0.1907862515,0.2872063323,0.0,0.0,0.0,0.3973547736,277,16
27,Germany,57736,56,Jan Kirchhoff,Sunderland,Midfielder,0.1781866424,0.2798513163,0.0,0.0,0.0,0.4243731857,458,16
21,USA,149016,56,Lynden Gooch,Sunderland,Forward,0.3979701654,0.2303579612,0.0,0.0,0.0,0.2496853279,377,16
30,Romania,56827,57,Costel Pantilimon,Watford,Goalkeeper,0.0180376532,0.1034989485,0.0,0.0,1.41984,0.0,95,15
18,England,173809,35,Jonathan Leko,West Bromwich Albion,Midfielder,0.1835410585,0.1822651314,0.0,1.039,0.1392,0.0169296246,159,15
-1,Unknown,91126,88,Will Keane,Hull City,Striker,0.2346180322,0.2956053491,0.0,0.0,0.0,0.0383274666,297,15
30,Bosnia and Herzegovina,40349,8,Asmir Begovic,Chelsea,Goalkeeper,0.0321877736,0.4355102041,0.0,0.0,0.0,0.0100573559,194,15
-1,Unknown,180804,1,Axel Tuanzebe,Manchester United,Midfielder,0.013915833,0.3782694123,0.0,0.0,0.0,0.1954542306,218,15
30,Republic of Ireland,32318,110,Marc Wilson,Stoke City,Defender,0.1562956495,0.197167312,0.0,0.0,0.0,0.5264608234,172,15
-1,Unknown,114000,56,George Honeyman,Sunderland,Striker,0.2045140403,0.1564234431,0.2,0.0,0.0,0.1893637243,256,14
21,Serbia,210237,14,Marko Grujic,Liverpool,Midfielder,0.1178196299,0.1319937861,0.4,0.0,0.2784,0.015043307,71,14
28,Germany,69960,110,Philipp Wollscheid,Stoke City,Defender,0.0666499585,0.2095723014,0.0,0.0,0.0,0.3796960084,196,14
21,England,159506,8,Ola Aina,Chelsea,Defender,0.0061485541,0.0965306122,0.2,0.0,0.91872,0.0126714744,43,14
30,France,38419,8,Loïc Remy,Chelsea,Forward,0.1580513699,0.1568855905,0.6,0.0,0.0,0.0,163,14
34,Côte d'Ivoire,26921,11,Arouna Koné,Everton,Forward,0.0812597095,0.1351724138,0.4,0.0,0.16704,0.0,98,13
38,England,1801,90,Paul Robinson,Burnley,Goalkeeper,0.0623513749,0.3044218984,0.0,0.0,0.0,0.0,292,13
29,Mali,44343,31,Bakary Sako,Crystal Palace,Midfielder,0.1438564529,0.1491856843,0.2,0.0,0.1392,0.0902598422,155,13
29,England,21246,91,Lewis Grabban,Bournemouth,Forward,0.0648839576,0.0900790926,0.2,1.039,0.0,0.0351580189,77,13
25,England,80254,3,Carl Jenkinson,Arsenal,Defender,0.0191356697,0.1399340946,0.0,0.0,0.0,0.3274857662,83,12
29,Colombia,48844,3,David Ospina,Arsenal,Goalkeeper,0.0359683761,0.2596367538,0.0,0.0,0.0,0.0321964609,154,12
20,England,168765,6,Josh Onomah,Tottenham Hotspur,Midfielder,0.0195174661,0.1015730566,0.0,0.0,0.5568,0.0632497072,48,12
-1,Unknown,168566,6,Georges-Kévin Nkoudou,Tottenham Hotspur,Substitute,0.0555293358,0.21372664,0.2,0.0,0.0,0.0364125014,101,12
21,England,126187,8,Ruben Loftus-Cheek,Chelsea,Midfielder,0.0127875945,0.1436734694,0.2,0.0,0.2784,0.0290107351,64,12
21,Brazil,167767,8,Kenedy,Chelsea,Forward,0.0872846934,0.1934249871,0.0,0.0,0.0,0.078190128,98,12
-1,Unknown,178871,43,Aleix García Serrano,Manchester City,Midfielder,0.0953356441,0.1615102789,0.0,0.0,0.0,0.0920314361,92,11
31,England,15944,90,Michael Kightly,Burnley,Midfielder,0.0307442311,0.1386579195,0.0,0.0,0.1392,0.1011564656,133,11
21,England,133801,57,Jerome Sinclair,Watford,Forward,0.0621332434,0.1536142289,0.2,0.0,0.0,0.0351580189,141,11
-1,Unknown,43693,20,Martín Cáceres,Southampton,Defender,0.0346002896,0.1140797177,0.0,0.0,0.0,0.2820095392,97,11
-1,Unknown,169432,80,Oliver McBurnie,Swansea City,Substitute,0.1738265913,0.1158781891,0.2,0.0,0.0,0.0189533792,111,11
33,Australia,59115,31,Mile Jedinak,Crystal Palace,Midfielder,0.1745302042,0.0923988754,0.0,0.0,0.0,0.1087820104,96,11
-1,Unknown,182436,14,Ben Woodburn,Liverpool,Striker,0.0379549599,0.1970611455,0.0,0.0,0.0,0.0719034446,106,11
30,Netherlands,39187,56,Jeremain Lens,Sunderland,Forward,0.1496262488,0.048882326,0.0,0.0,0.0,0.2094757292,80,10
26,England,49438,31,Jordon Mutch,Crystal Palace,Midfielder,0.0783034937,0.0760365746,0.0,0.0,0.0,0.2012497432,79,10
22,England,153366,20,Harrison Reed,Southampton,Midfielder,0.0200014634,0.0882059673,0.0,0.0,0.2784,0.1185811625,75,10
29,Ghana,49773,25,Albert Adomah,Middlesbrough,Midfielder,0.1405650571,0.0972669221,0.0,0.0,0.0,0.0944993178,136,10
-1,Unknown,157665,6,Filip Lesniak,Tottenham Hotspur,Substitute,0.0787011253,0.0190449481,0.0,1.039,0.0,0.0189533792,9,10
-1,Unknown,234483,90,Aiden O'Neill,Burnley,Substitute,0.0113805602,0.1032115341,0.0,0.0,0.0,0.2002375466,99,10
20,England,178186,88,Jarrod Bowen,Hull City,Forward,0.021090437,0.1433238056,0.0,0.0,0.08352,0.0100573559,144,9
37,Poland,37388,13,Marcin Wasilewski,Leicester City,Defender,0.0153788785,0.1151079137,0.0,0.0,0.0,0.0671309505,96,9
32,England,16045,57,Ben Watson,Watford,Midfielder,-0.0069213116,0.0817096962,0.0,0.0,0.1392,0.0820353537,75,9
30,France,28554,43,Samir Nasri,Manchester City,Midfielder,0.0855429932,0.0386220232,0.2,0.0,0.0,0.0,22,8
-1,Unknown,195851,1,Scott McTominay,Manchester United,Midfielder,0.0016594059,0.0173518079,0.2,0.0,0.0,0.1701509325,10,8
-1,Unknown,200455,110,Julien Ngoy,Stoke City,Substitute,0.0738227459,0.0844704684,0.0,0.0,0.0,0.04014397,79,8
23,Netherlands,106824,1,Memphis Depay,Manchester United,Forward,0.0018458728,0.0867590395,0.0,0.0,0.08352,0.0251006629,50,8
33,England,19556,90,David Jones,Burnley,Midfielder,0.0424377742,0.0907010451,0.0,0.0,0.0,0.0084648123,87,8
24,England,106449,14,Kevin Stewart,Liverpool,Defender,0.0225308441,0.0762217638,0.0,0.0,0.0,0.0126714744,41,7
35,England,11037,35,Rickie Lambert,West Bromwich Albion,Forward,0.074358262,0.0229264316,0.0,0.0,0.0,0.0084648123,20,6
-1,Unknown,191769,31,Jonathan Benteke,Crystal Palace,Substitute,0.0050375654,0.0125123477,0.2,0.0,0.0,0.0126714744,13,6
32,England,12744,25,David Nugent,Middlesbrough,Forward,0.0122702287,0.0464878672,0.0,0.0,0.08352,0.0189533792,65,6
-1,Unknown,167789,91,Baily Cargill,Bournemouth,Substitute,0.0,0.0257368836,0.0,0.0,0.0,0.0386964068,22,5
-1,Unknown,7551,56,Joleon Lescott,Sunderland,Defender,0.0073882939,0.0250521921,0.0,0.0,0.0,0.0506858977,41,5
-1,Unknown,154051,14,Oviemuno Ejaria,Liverpool,Substitute,0.0004181441,0.0353222808,0.0,0.0,0.0,0.0189533792,19,5
-1,Unknown,207725,90,Daniel Agyei,Burnley,Substitute,0.0122955378,0.0427441707,0.0,0.0,0.0,0.0093167315,41,5
-1,Unknown,243532,57,Dion Pereira,Watford,Substitute,0.0821617094,0.0130735514,0.0,0.0,0.0,0.0,12,5
28,England,34654,90,Lukas Jutkiewicz,Burnley,Forward,0.0065278551,0.0239784372,0.0,0.0,0.08352,0.0,23,5
23,England,90263,25,James Husband,Middlesbrough,Defender,0.0119792108,0.0414814815,0.0,0.0,0.0,0.0201147118,58,5
-1,Unknown,231172,57,Brandon Mason,Watford,Defender,0.0009956435,0.0294154906,0.0,0.0,0.0,0.0201147118,27,4
32,France,27334,3,Mathieu Debuchy,Arsenal,Defender,0.0025088645,0.0252892942,0.0,0.0,0.0,0.0106649952,15,4
-1,Unknown,153673,11,Jonjoe Kenny,Everton,Substitute,0.005325843,0.0234482759,0.0,0.0,0.0,0.0,17,4
-1,Unknown,204760,57,Michael Folivi,Watford,Substitute,0.0,0.0185208645,0.0,0.0,0.0,0.0,17,3
-1,Unknown,154043,3,Ainsley Maitland-Niles,Arsenal,Substitute,0.0004181441,0.0118016706,0.0,0.0,0.0,0.0189533792,7,3
29,Scotland,19342,57,Ikechi Anya,Watford,Midfielder,0.0,0.0196103271,0.0,0.0,0.0,0.0,18,3
18,Sweden,219727,56,Joel Asoro,Sunderland,Midfielder,0.0,0.0097764652,0.0,0.0,0.0,0.0,16,2
26,England,61604,13,Matthew James,Leicester City,Midfielder,0.0,0.0071942446,0.0,0.0,0.0,0.0,6,2
25,Czech Republic,81183,57,Matej Vydra,Watford,Forward,0.0,0.0098051635,0.0,0.0,0.0,0.0,9,2
25,Bosnia and Herzegovina,87447,11,Muhamed Besic,Everton,Midfielder,0.0,0.0,0.0,0.0,0.0,0.0,0,0
22,Switzerland,179141,11,Shani Tarashaj,Everton,Forward,0.0,0.0,0.0,0.0,0.0,0.0,0,0
24,England,94926,31,Freddie Ladapo,Crystal Palace,Forward,0.0,0.0,0.0,0.0,0.0,0.0,0,0
35,Scotland,12390,88,Allan McGregor,Hull City,Goalkeeper,0.0,0.0,0.0,0.0,0.0,0.0,0,0
22,England,204216,31,Keshi Anderson,Crystal Palace,Forward,0.0,0.0,0.0,0.0,0.0,0.0,0,0
32,Slovakia,19812,88,Dusan Kuciak,Hull City,Goalkeeper,0.0,0.0,0.0,0.0,0.0,0.0,0,0
18,England,173792,21,Reece Oxford,West Ham United,Defender,0.0,0.0,0.0,0.0,0.0,0.0,0,0
33,Northern Ireland,19687,88,Alex Bruce,Hull City,Defender,0.0,0.0,0.0,0.0,0.0,0.0,0,0
23,Republic of Ireland,171982,88,Brian Lenihan,Hull City,Defender,0.0,0.0,0.0,0.0,0.0,0.0,0,0
24,England,88898,88,Moses Odubajo,Hull City,Midfielder,0.0,0.0,0.0,0.0,0.0,0.0,0,0
24,Wales,103100,31,Jonathan Williams,Crystal Palace,Midfielder,0.0,0.0,0.0,0.0,0.0,0.0,0,0
21,England,213384,88,Josh Clackstone,Hull City,Midfielder,0.0,0.0,0.0,0.0,0.0,0.0,0,0
23,England,202174,88,Greg Luer,Hull City,Forward,0.0,0.0,0.0,0.0,0.0,0.0,0,0
30,England,38038,13,Ben Hamer,Leicester City,Goalkeeper,0.0,0.0,0.0,0.0,0.0,0.0,0,0
20,Poland,165911,13,Bartosz Kapustka,Leicester City,Midfielder,0.0,0.0,0.0,0.0,0.0,0.0,0,0
40,Austria,1616,14,Alexander Manninger,Liverpool,Goalkeeper,0.0,0.0,0.0,0.0,0.0,0.0,0,0
20,England,171287,14,Joseph Gomez,Liverpool,Defender,0.0,0.0,0.0,0.0,0.0,0.0,0,0
21,England,155509,88,Greg Olley,Hull City,Midfielder,0.0,0.0,0.0,0.0,0.0,0.0,0,0
25,Jamaica,84915,8,Michael Hector,Chelsea,Defender,0.0,0.0,0.0,0.0,0.0,0.0,0,0
38,Argentina,11554,31,Julian Speroni,Crystal Palace,Goalkeeper,0.0,0.0,0.0,0.0,0.0,0.0,0,0
27,Republic of Ireland,80498,91,Eunan O'Kane,Bournemouth,Midfielder,0.0,0.0,0.0,0.0,0.0,0.0,0,0
33,Germany,17127,3,Per Mertesacker,Arsenal,Defender,0.0,0.0,0.0,0.0,0.0,0.0,0,0
22,Germany,133798,3,Serge Gnabry,Arsenal,Midfielder,0.0,0.0,0.0,0.0,0.0,0.0,0,0
19,France,208987,3,Jeff Reine-Adelaide,Arsenal,Midfielder,0.0,0.0,0.0,0.0,0.0,0.0,0,0
24,France,80711,3,Yaya Sanogo,Arsenal,Forward,0.0,0.0,0.0,0.0,0.0,0.0,0,0
25,Costa Rica,99127,3,Joel Campbell,Arsenal,Forward,0.0,0.0,0.0,0.0,0.0,0.0,0,0
22,England,147675,3,Chuba Akpom,Arsenal,Forward,0.0,0.0,0.0,0.0,0.0,0.0,0,0
25,England,61302,91,Ryan Allsop,Bournemouth,Goalkeeper,0.0,0.0,0.0,0.0,0.0,0.0,0,0
21,USA,122342,91,Emerson Hyndman,Bournemouth,Midfielder,0.0,0.0,0.0,0.0,0.0,0.0,0,0
25,England,98747,90,Nick Pope,Burnley,Goalkeeper,0.0,0.0,0.0,0.0,0.0,0.0,0,0
29,Colombia,66733,8,Juan Cuadrado,Chelsea,Midfielder,0.0,0.0,0.0,0.0,0.0,0.0,0,0
28,Northern Ireland,80788,90,Daniel Lafferty,Burnley,Defender,0.0,0.0,0.0,0.0,0.0,0.0,0,0
25,England,85017,90,Tendayi Darikwa,Burnley,Defender,0.0,0.0,0.0,0.0,0.0,0.0,0,0
25,Norway,95508,90,Fredrik Ulvestad,Burnley,Midfielder,0.0,0.0,0.0,0.0,0.0,0.0,0,0
30,Germany,37002,90,Rouwen Hennings,Burnley,Forward,0.0,0.0,0.0,0.0,0.0,0.0,0,0
24,England,108132,8,Jamal Blackman,Chelsea,Goalkeeper,0.0,0.0,0.0,0.0,0.0,0.0,0,0
22,USA,163793,8,Matt Miazga,Chelsea,Defender,0.0,0.0,0.0,0.0,0.0,0.0,0,0
24,England,89088,14,Andre Wisdom,Liverpool,Defender,0.0,0.0,0.0,0.0,0.0,0.0,0,0
30,Nigeria,28495,8,John Obi Mikel,Chelsea,Midfielder,0.0,0.0,0.0,0.0,0.0,0.0,0,0
24,Portugal,102548,14,Tiago Ilori,Liverpool,Defender,0.0,0.0,0.0,0.0,0.0,0.0,0,0
25,England,84939,14,Danny Ings,Liverpool,Forward,0.0,0.0,0.0,0.0,0.0,0.0,0,0
22,England,134383,14,Connor Randall,Liverpool,Defender,0.0,0.0,0.0,0.0,0.0,0.0,0,0
28,Scotland,49836,56,Liam Bridcutt,Sunderland,Midfielder,0.0,0.0,0.0,0.0,0.0,0.0,0,0
24,USA,151119,6,DeAndre Yedlin,Tottenham Hotspur,Defender,0.0,0.0,0.0,0.0,0.0,0.0,0,0
19,USA,168763,6,Cameron Carter-Vickers,Tottenham Hotspur,Defender,0.0,0.0,0.0,0.0,0.0,0.0,0,0
23,Algeria,126407,6,Nabil Bentaleb,Tottenham Hotspur,Midfielder,0.0,0.0,0.0,0.0,0.0,0.0,0,0
24,Cameroon,145212,6,Clinton N'Jie,Tottenham Hotspur,Forward,0.0,0.0,0.0,0.0,0.0,0.0,0,0
30,Republic of Ireland,26719,57,Rene Gilmartin,Watford,Goalkeeper,0.0,0.0,0.0,0.0,0.0,0.0,0,0
30,Lithuania,57187,57,Giedrius Arlauskis,Watford,Goalkeeper,0.0,0.0,0.0,0.0,0.0,0.0,0,0
30,Ecuador,98780,57,Juan Carlos Paredes,Watford,Defender,0.0,0.0,0.0,0.0,0.0,0.0,0,0
26,Côte d'Ivoire,86431,57,Brice Dja Djédjé,Watford,Defender,0.0,0.0,0.0,0.0,0.0,0.0,0,0
32,Spain,50023,56,Jordi Gómez,Sunderland,Midfielder,0.0,0.0,0.0,0.0,0.0,0.0,0,0
23,Greece,88601,56,Charalampos Mavrias,Sunderland,Midfielder,0.0,0.0,0.0,0.0,0.0,0.0,0,0
20,England,141921,14,Sheyi Ojo,Liverpool,Midfielder,0.0,0.0,0.0,0.0,0.0,0.0,0,0
29,Wales,20669,91,Shaun MacDonald,Bournemouth,Midfielder,0.0,0.0,0.0,0.0,0.0,0.0,0,0
23,Republic of Ireland,97296,57,Tommie Hoban,Watford,Defender,0.0,0.0,0.0,0.0,0.0,0.0,0,0
30,Spain,28160,57,Mario Suárez,Watford,Midfielder,0.0,0.0,0.0,0.0,0.0,0.0,0,0
35,Wales,12086,35,Boaz Myhill,West Bromwich Albion,Goalkeeper,0.0,0.0,0.0,0.0,0.0,0.0,0,0
30,Belgium,42583,35,Sébastien Pocognoli,West Bromwich Albion,Defender,0.0,0.0,0.0,0.0,0.0,0.0,0,0
28,Costa Rica,77760,35,Cristian Gamboa,West Bromwich Albion,Defender,0.0,0.0,0.0,0.0,0.0,0.0,0,0
17,England,215457,35,Kane Wilson,West Bromwich Albion,Defender,0.0,0.0,0.0,0.0,0.0,0.0,0,0
26,England,61538,35,Callum McManaman,West Bromwich Albion,Midfielder,0.0,0.0,0.0,0.0,0.0,0.0,0,0
24,Switzerland,82257,21,Raphael Spiegel,West Ham United,Goalkeeper,0.0,0.0,0.0,0.0,0.0,0.0,0,0
29,Netherlands,39270,80,Marvin Emnes,Swansea City,Forward,0.0,0.0,0.0,0.0,0.0,0.0,0,0
28,France,55313,80,Franck Tabanou,Swansea City,Defender,0.0,0.0,0.0,0.0,0.0,0.0,0,0
26,Australia,102907,80,Mark Birighitti,Swansea City,Goalkeeper,0.0,0.0,0.0,0.0,0.0,0.0,0,0
28,Sweden,61760,80,Kristoffer Nordfeldt,Swansea City,Goalkeeper,0.0,0.0,0.0,0.0,0.0,0.0,0,0
24,Canada,88812,21,Doneil Henry,West Ham United,Defender,0.0,0.0,0.0,0.0,0.0,0.0,0,0
27,Italy,42493,14,Mario Balotelli,Liverpool,Forward,0.0,0.0,0.0,0.0,0.0,0.0,0,0
30,England,15749,43,Joe Hart,Manchester City,Goalkeeper,0.0,0.0,0.0,0.0,0.0,0.0,0,0
21,England,107265,43,Angus Gunn,Manchester City,Goalkeeper,0.0,0.0,0.0,0.0,0.0,0.0,0,0
26,France,57112,43,Eliaquim Mangala,Manchester City,Defender,0.0,0.0,0.0,0.0,0.0,0.0,0,0
20,Ukraine,206325,43,Oleksandr Zinchenko,Manchester City,Midfielder,0.0,0.0,0.0,0.0,0.0,0.0,0,0
24,England,101982,1,Sam Johnstone,Manchester United,Goalkeeper,0.0,0.0,0.0,0.0,0.0,0.0,0,0
33,Germany,15208,1,Bastian Schweinsteiger,Manchester United,Midfielder,0.0,0.0,0.0,0.0,0.0,0.0,0,0
39,Greece,19101,25,Dimitrios Konstantopoulos,Middlesbrough,Goalkeeper,0.0,0.0,0.0,0.0,0.0,0.0,0,0
28,Spain,51942,25,Tomás Mejías,Middlesbrough,Goalkeeper,0.0,0.0,0.0,0.0,0.0,0.0,0,0
20,England,169061,25,Dael Fry,Middlesbrough,Defender,0.0,0.0,0.0,0.0,0.0,0.0,0,0
25,Uruguay,153601,25,Carlos De Pena,Middlesbrough,Midfielder,0.0,0.0,0.0,0.0,0.0,0.0,0,0
24,England,96778,25,Adam Reach,Middlesbrough,Midfielder,0.0,0.0,0.0,0.0,0.0,0.0,0,0
22,Belgium,169535,25,Julien de Sart,Middlesbrough,Midfielder,0.0,0.0,0.0,0.0,0.0,0.0,0,0
28,England,58376,20,Alex McCarthy,Southampton,Goalkeeper,0.0,0.0,0.0,0.0,0.0,0.0,0,0
29,Romania,84395,20,Florin Gardos,Southampton,Defender,0.0,0.0,0.0,0.0,0.0,0.0,0,0
25,Denmark,112316,110,Jakob Haugaard,Stoke City,Goalkeeper,0.0,0.0,0.0,0.0,0.0,0.0,0,0
31,Republic of Ireland,20481,110,Stephen Ireland,Stoke City,Midfielder,0.0,0.0,0.0,0.0,0.0,0.0,0,0
27,Spain,61316,110,Joselu,Stoke City,Forward,0.0,0.0,0.0,0.0,0.0,0.0,0,0
31,England,15633,25,Alex Baptiste,Middlesbrough,Defender,0.0,0.0,0.0,0.0,0.0,0.0,0,0
