player_id,team_id,player_name,team,position,R1,R2,R3,R4,R5,R6,appearance,Total
48844.0,3.0,David Ospina,Arsenal,Goalkeeper,0.028735440688,0.259636753774,0.0,0.0,0.0,0.0248213246292,154.0,11.0
98980.0,3.0,Emiliano Martinez,Arsenal,Goalkeeper,0.0324044856931,0.322017012798,0.0,0.0,1.41984,0.0,191.0,18.0
11334.0,3.0,Petr Cech,Arsenal,Goalkeeper,0.53554728141,5.42708253506,1.239,0.0,15.61824,0.083529692287,3219.0,67.0
27334.0,3.0,Mathieu Debuchy,Arsenal,Defender,0.00336886323284,0.0252892941988,0.0,0.0,0.0,0.0249165209724,15.0,4.0
42427.0,3.0,Kieran Gibbs,Arsenal,Defender,1.82969399563,1.26277875699,0.4,1.039,5.51232,0.723533454831,749.0,43.0
17127.0,3.0,Per Mertesacker,Arsenal,Defender,0.0,0.0,0.0,0.0,0.0,0.0,0.0,0.0
158074.0,3.0,Gabriel,Arsenal,Defender,1.00287146355,2.65874779677,0.4,0.0,2.75616,2.95096228587,1577.0,48.0
51507.0,3.0,Laurent Koscielny,Arsenal,Defender,1.67182915064,5.0595447927,2.878,0.0,8.26848,8.90043171269,3001.0,73.0
156074.0,3.0,Rob Holding,Arsenal,Defender,0.760267687284,1.28638209825,0.4,0.0,3.67488,1.73910035767,763.0,39.0
38411.0,3.0,Nacho Monreal,Arsenal,Defender,2.41830318481,5.52655375891,0.4,2.078,10.10592,6.3269295475,3278.0,73.0
101184.0,3.0,Calum Chambers,Arsenal,Defender,1.40749106301,1.74841610759,2.678,1.039,6.43104,7.44200047948,2313.0,59.0
98745.0,3.0,Héctor Bellerín,Arsenal,Defender,4.09131880159,4.38853551996,0.8,4.156,11.02464,2.6725971994,2603.0,70.0
80254.0,3.0,Carl Jenkinson,Arsenal,Defender,0.0185729851271,0.139934094567,0.0,0.0,0.0,0.33244911809,83.0,11.0
41792.0,3.0,Aaron Ramsey,Arsenal,Midfielder,3.241977198,2.13441643038,2.2,4.156,0.8352,0.972851964406,1266.0,49.0
54102.0,3.0,Jack Wilshere,Arsenal,Midfielder,4.70366243951,2.47782782205,2.0,2.078,1.1136,1.84293034422,2096.0,54.0
37605.0,3.0,Mesut Özil,Arsenal,Midfielder,14.1831735013,4.89263545099,11.512,8.312,1.5312,1.01051667686,2902.0,86.0
81880.0,3.0,Alex Oxlade-Chamberlain,Arsenal,Midfielder,4.36916518712,2.83577285616,3.678,7.273,1.2528,1.44457214805,1682.0,59.0
153133.0,3.0,Alex Iwobi,Arsenal,Midfielder,3.76914419302,2.54916085524,5.117,3.117,1.1136,1.29194877866,1512.0,55.0
19524.0,3.0,Santiago Cazorla,Arsenal,Midfielder,1.72324059984,1.1110429918,2.878,2.078,0.5568,0.776936220202,659.0,39.0
133798.0,3.0,Serge Gnabry,Arsenal,Midfielder,0.0,0.0,0.0,0.0,0.0,0.0,0.0,0.0
84450.0,3.0,Granit Xhaka,Arsenal,Midfielder,5.33290393339,4.34470074335,3.878,2.078,1.2528,3.11178658292,2577.0,66.0
208987.0,3.0,Jeff Reine-Adelaide,Arsenal,Midfielder,0.0,0.0,0.0,0.0,0.0,0.0,0.0,0.0
56864.0,3.0,Francis Coquelin,Arsenal,Midfielder,2.49496411452,3.10552532761,0.6,0.0,1.2528,3.86216546006,1842.0,53.0
153256.0,3.0,Mohamed Elneny,Arsenal,Midfielder,0.83075579175,1.2594068511,0.4,1.039,0.696,0.529639129537,747.0,32.0
37265.0,3.0,Alexis Sánchez,Arsenal,Forward,10.7094190345,5.64119855928,33.297,10.39,1.00224,1.37973041238,3346.0,98.0
44346.0,3.0,Olivier Giroud,Arsenal,Forward,2.54724029859,2.25749099548,16.468,3.117,0.75168,1.30432140566,1339.0,62.0
20467.0,3.0,Theo Walcott,Arsenal,Forward,2.05725346802,3.38539351674,16.19,2.078,0.66816,1.10448495583,2008.0,65.0
80711.0,3.0,Yaya Sanogo,Arsenal,Forward,0.0,0.0,0.0,0.0,0.0,0.0,0.0,0.0
50175.0,3.0,Danny Welbeck,Arsenal,Forward,0.452562978143,1.21051421565,3.278,0.0,0.4176,0.431804891782,718.0,34.0
99127.0,3.0,Joel Campbell,Arsenal,Forward,0.0,0.0,0.0,0.0,0.0,0.0,0.0,0.0
147675.0,3.0,Chuba Akpom,Arsenal,Forward,0.0,0.0,0.0,0.0,0.0,0.0,0.0,0.0
18726.0,91.0,Artur Boruc,Bournemouth,Goalkeeper,0.696630396291,3.95997049922,0.0,0.0,11.35872,0.0785897923684,3385.0,57.0
61302.0,91.0,Ryan Allsop,Bournemouth,Goalkeeper,0.0,0.0,0.0,0.0,0.0,0.0,0.0,0.0
15885.0,91.0,Adam Federici,Bournemouth,Goalkeeper,0.0318255383759,0.231631952392,0.0,0.0,1.41984,0.0,198.0,16.0
15149.0,91.0,Simon Francis,Bournemouth,Defender,3.51496030225,3.56572823682,0.0,1.039,8.26848,7.49052466627,3048.0,68.0
56917.0,91.0,Steve Cook,Bournemouth,Defender,1.65068516515,4.19160245162,5.117,0.0,8.26848,12.4310348204,3583.0,76.0
126184.0,91.0,Nathan Aké,Bournemouth,Defender,0.743096009128,1.19784397287,3.917,1.039,3.67488,2.69600796991,921.0,45.0
41320.0,91.0,Charlie Daniels,Bournemouth,Defender,4.34379296503,3.73652755525,5.356,3.117,8.26848,4.99244068022,3194.0,72.0
120447.0,91.0,Brad Smith,Bournemouth,Defender,0.245583011883,0.334579486788,0.2,0.0,0.0,0.371813007844,286.0,17.0
54469.0,91.0,Adam Smith,Bournemouth,Defender,4.33156088217,3.79619033087,3.478,5.195,7.34976,5.03025580026,3245.0,71.0
149484.0,91.0,Tyrone Mings,Bournemouth,Defender,0.301311627293,0.63757279825,2.678,0.0,0.91872,1.48953931168,545.0,32.0
40387.0,91.0,Dan Gosling,Bournemouth,Midfielder,1.53531382115,1.66821800056,2.678,0.0,1.1136,2.069001787,1426.0,43.0
15237.0,91.0,Andrew Surman,Bournemouth,Midfielder,1.81583985917,2.13850105542,0.4,1.039,0.5568,2.17763582924,1828.0,44.0
20037.0,91.0,Marc Pugh,Bournemouth,Midfielder,2.58099495298,1.57345947458,3.278,2.078,0.696,1.07721477293,1345.0,45.0
48615.0,91.0,Harry Arter,Bournemouth,Midfielder,4.9462894213,3.70377152158,3.239,4.156,1.2528,4.97635290462,3166.0,66.0
155408.0,91.0,Lewis Cook,Bournemouth,Midfielder,0.877923233578,0.541644413926,0.4,2.078,0.2784,0.875569896021,463.0,28.0
56872.0,91.0,Junior Stanislas,Bournemouth,Midfielder,3.06560429544,1.68342615905,9.834,5.195,0.8352,1.2542100998,1439.0,56.0
122342.0,91.0,Emerson Hyndman,Bournemouth,Midfielder,0.0,0.0,0.0,0.0,0.0,0.0,0.0,0.0
80498.0,91.0,Eunan O'Kane,Bournemouth,Midfielder,0.0,0.0,0.0,0.0,0.0,0.0,0.0,0.0
103912.0,91.0,Jordon Ibe,Bournemouth,Midfielder,2.36576073714,1.27865517154,0.2,0.0,0.4176,0.729358877616,1093.0,36.0
88498.0,91.0,Benik Afobe,Bournemouth,Forward,3.09004845003,1.85890491086,9.834,3.117,0.66816,0.764699772696,1589.0,55.0
59741.0,91.0,Max Gradel,Bournemouth,Forward,0.170905257623,0.236311385774,0.4,0.0,0.33408,0.1703628343,202.0,16.0
75115.0,91.0,Callum Wilson,Bournemouth,Forward,1.13173505597,1.63897154192,8.634,0.0,0.4176,0.746056732573,1401.0,46.0
78007.0,91.0,Joshua King,Bournemouth,Forward,4.37107528958,3.36334274306,22.824,2.078,0.66816,2.48066701985,2875.0,75.0
21246.0,91.0,Lewis Grabban,Bournemouth,Forward,0.112432486899,0.0900790925968,0.2,1.039,0.0,0.0267260303162,77.0,12.0
178304.0,91.0,Lys Mousset,Bournemouth,Forward,0.393156738216,0.304163169807,1.639,0.0,0.16704,0.284368612674,260.0,22.0
21205.0,90.0,Tom Heaton,Burnley,Goalkeeper,0.884767963633,3.4320441427,0.0,0.0,14.1984,0.0509728205813,3292.0,58.0
1801.0,90.0,Paul Robinson,Burnley,Goalkeeper,0.0369515137321,0.304421898441,0.0,0.0,0.0,0.0,292.0,12.0
98747.0,90.0,Nick Pope,Burnley,Goalkeeper,0.0,0.0,0.0,0.0,0.0,0.0,0.0,0.0
91979.0,90.0,Jon Flanagan,Burnley,Defender,0.192262089734,0.415973758487,0.0,0.0,2.75616,0.788574422961,399.0,26.0
68983.0,90.0,Matthew Lowton,Burnley,Defender,4.4616532029,3.53421313601,0.4,2.078,8.26848,9.33294784955,3390.0,72.0
80788.0,90.0,Daniel Lafferty,Burnley,Defender,0.0,0.0,0.0,0.0,0.0,0.0,0.0,0.0
106611.0,90.0,Michael Keane,Burnley,Defender,1.96488583016,3.53525567676,3.678,1.039,9.1872,12.235611216,3391.0,75.0
51927.0,90.0,Ben Mee,Burnley,Defender,1.45923176268,3.37678948305,4.717,0.0,8.26848,13.3460720596,3239.0,74.0
40616.0,90.0,Stephen Ward,Burnley,Defender,3.5446443679,3.50606453582,1.239,1.039,9.1872,6.6383173446,3363.0,69.0
17761.0,90.0,James Tarkowski,Burnley,Defender,0.615324517454,0.615099041371,0.0,0.0,4.5936,1.84771736185,590.0,35.0
85017.0,90.0,Tendayi Darikwa,Burnley,Defender,0.0,0.0,0.0,0.0,0.0,0.0,0.0,0.0
15982.0,90.0,Dean Marney,Burnley,Midfielder,0.897014515186,1.95163628042,1.639,2.078,0.696,4.49508782511,1872.0,47.0
15944.0,90.0,Michael Kightly,Burnley,Midfielder,0.0241262369894,0.138657919496,0.0,0.0,0.1392,0.0760775813876,133.0,10.0
19556.0,90.0,David Jones,Burnley,Midfielder,0.0356099653797,0.0907010450835,0.0,0.0,0.0,0.0197762558015,87.0,7.0
95508.0,90.0,Fredrik Ulvestad,Burnley,Midfielder,0.0,0.0,0.0,0.0,0.0,0.0,0.0,0.0
28244.0,90.0,George Boyd,Burnley,Midfielder,2.26558851642,3.12657970351,3.278,1.039,1.392,3.61460957,2999.0,56.0
60586.0,90.0,Johann Berg Gudmundsson,Burnley,Midfielder,2.19315828626,1.09362524474,2.639,2.078,0.5568,1.61636439042,1049.0,42.0
39158.0,90.0,Scott Arfield,Burnley,Midfielder,4.8463556967,2.22895211941,2.439,0.0,0.9744,2.72054099464,2138.0,54.0
73426.0,90.0,Andre Gray,Burnley,Forward,2.39319806282,2.41139675032,13.151,2.078,0.75168,0.405604319738,2313.0,58.0
40399.0,90.0,Sam Vokes,Burnley,Forward,2.81414874671,2.26856866784,13.751,3.117,0.8352,2.0485373849,2176.0,62.0
44699.0,90.0,Ashley Barnes,Burnley,Forward,3.1359160304,1.94121087294,10.034,2.078,0.66816,1.93411820579,1862.0,57.0
37002.0,90.0,Rouwen Hennings,Burnley,Forward,0.0,0.0,0.0,0.0,0.0,0.0,0.0,0.0
34654.0,90.0,Lukas Jutkiewicz,Burnley,Forward,0.00621877695529,0.023978437206,0.0,0.0,0.08352,0.0,23.0,5.0
40349.0,8.0,Asmir Begovic,Chelsea,Goalkeeper,0.0295607921741,0.435510204082,0.0,0.0,0.0,0.007753550817,194.0,14.0
60772.0,8.0,Thibaut Courtois,Chelsea,Goalkeeper,0.505213175744,7.56530612245,0.0,0.0,22.71744,0.0545825491771,3370.0,78.0
108132.0,8.0,Jamal Blackman,Chelsea,Goalkeeper,0.0,0.0,0.0,0.0,0.0,0.0,0.0,0.0
41135.0,8.0,Branislav Ivanovic,Chelsea,Defender,0.637211314864,1.47265306122,0.4,0.0,5.51232,0.991687933206,656.0,40.0
103192.0,8.0,Kurt Zouma,Chelsea,Defender,0.228440513877,0.668979591837,0.0,1.039,0.91872,0.553234644049,298.0,25.0
163793.0,8.0,Matt Miazga,Chelsea,Defender,0.0,0.0,0.0,0.0,0.0,0.0,0.0,0.0
19419.0,8.0,Gary Cahill,Chelsea,Defender,1.83043616542,7.75387755102,9.473,0.0,14.69952,7.10851906752,3454.0,88.0
1718.0,8.0,John Terry,Chelsea,Defender,0.457906178057,1.15612244898,1.439,0.0,2.75616,0.734353222998,515.0,35.0
41328.0,8.0,César Azpilicueta,Chelsea,Defender,4.11757103722,8.00081632653,2.239,4.156,14.69952,5.77434642912,3564.0,87.0
84915.0,8.0,Michael Hector,Chelsea,Defender,0.0,0.0,0.0,0.0,0.0,0.0,0.0,0.0
159506.0,8.0,Ola Aina,Chelsea,Defender,0.00621904929128,0.0965306122449,0.2,0.0,0.91872,0.00976886188577,43.0,13.0
17878.0,8.0,Cesc Fàbregas,Chelsea,Midfielder,8.63525158047,3.15632653061,6.995,11.429,1.2528,1.18188709046,1406.0,71.0
116594.0,8.0,N'Golo Kanté,Chelsea,Midfielder,3.80601722836,7.31612244898,2.439,1.039,1.9488,4.8789078409,3259.0,74.0
61262.0,8.0,Oscar,Chelsea,Midfielder,2.14572736635,1.07530612245,0.4,1.039,0.5568,0.650775655524,479.0,35.0
42786.0,8.0,Eden Hazard,Chelsea,Midfielder,12.2730231035,6.74367346939,21.985,5.195,2.088,0.946847833776,3004.0,94.0
28495.0,8.0,John Obi Mikel,Chelsea,Midfielder,0.0,0.0,0.0,0.0,0.0,0.0,0.0,0.0
126187.0,8.0,Ruben Loftus-Cheek,Chelsea,Midfielder,0.0109550856901,0.143673469388,0.2,0.0,0.2784,0.021888515221,64.0,11.0
49013.0,8.0,Victor Moses,Chelsea,Midfielder,4.16737829909,5.57857142857,5.917,2.078,2.2272,3.47071379395,2485.0,71.0
66733.0,8.0,Juan Cuadrado,Chelsea,Midfielder,0.0,0.0,0.0,0.0,0.0,0.0,0.0,0.0
62398.0,8.0,Nemanja Matic,Chelsea,Midfielder,4.32641348489,6.42040816327,2.439,7.273,2.088,4.15947628545,2860.0,74.0
47431.0,8.0,Willian,Chelsea,Midfielder,7.17231457403,3.54020408163,10.073,2.078,1.8096,0.476699096708,1577.0,69.0
89085.0,8.0,Nathaniel Chalobah,Chelsea,Midfielder,0.603665847503,0.482653061224,0.2,1.039,0.9744,0.169352173394,215.0,24.0
49579.0,8.0,Pedro,Chelsea,Forward,5.58057729822,4.97918367347,11.512,8.312,1.2528,1.48545280637,2218.0,75.0
167767.0,8.0,Kenedy,Chelsea,Forward,0.145681863733,0.193424987112,0.0,0.0,0.0,0.0922379351569,98.0,12.0
38419.0,8.0,Loïc Remy,Chelsea,Forward,0.244881973463,0.156885590537,0.6,0.0,0.0,0.0,163.0,14.0
18507.0,8.0,Diego Costa,Chelsea,Forward,5.89503935428,7.16795918367,29.18,6.234,1.2528,1.45861863122,3193.0,92.0
94245.0,8.0,Michy Batshuayi,Chelsea,Forward,0.174145714557,0.729591836735,4.117,1.039,0.75168,0.0849557969169,325.0,31.0
11554.0,31.0,Julian Speroni,Crystal Palace,Goalkeeper,0.0,0.0,0.0,0.0,0.0,0.0,0.0,0.0
20066.0,31.0,Wayne Hennessey,Crystal Palace,Goalkeeper,0.80434808288,2.61508067172,0.0,0.0,8.51904,0.0738125794905,2717.0,48.0
44413.0,31.0,Steve Mandanda,Crystal Palace,Goalkeeper,0.159122899779,0.83928978496,0.0,0.0,0.0,0.0,872.0,20.0
55494.0,31.0,Joel Ward,Crystal Palace,Defender,2.29703102005,3.44570806211,0.4,1.039,5.51232,5.78629766006,3580.0,61.0
49413.0,31.0,James Tomkins,Crystal Palace,Defender,0.784070310648,1.93748891872,3.917,0.0,4.5936,4.6284273438,2013.0,53.0
19188.0,31.0,Scott Dann,Crystal Palace,Defender,1.21381119977,1.82969023074,5.117,1.039,3.67488,5.19865841574,1901.0,55.0
106603.0,31.0,Ezekiel Fryers,Crystal Palace,Defender,0.310097056111,0.236772118234,0.0,1.039,0.0,0.256438724628,246.0,17.0
79228.0,31.0,Pape Souaré,Crystal Palace,Defender,0.293290669397,0.27623413794,0.0,0.0,0.0,0.736030055819,287.0,18.0
7906.0,31.0,Damien Delaney,Crystal Palace,Defender,1.29512154194,2.11939920468,0.2,2.078,3.67488,6.24491571975,2202.0,53.0
58786.0,31.0,Martin Kelly,Crystal Palace,Defender,1.41310777618,2.07993718498,0.0,2.078,2.75616,5.0602995096,2161.0,50.0
27341.0,31.0,Yohan Cabaye,Crystal Palace,Midfielder,4.70151301418,2.19158582609,6.356,3.117,0.696,3.38388515147,2277.0,60.0
55452.0,31.0,Yannick Bolasie,Crystal Palace,Midfielder,3.10045890816,1.50983713685,2.239,4.156,0.4176,0.771344137824,1104.0,45.0
82403.0,31.0,Wilfried Zaha,Crystal Palace,Midfielder,5.10617227484,3.02413819305,10.873,9.351,0.8352,1.76030392891,3142.0,68.0
75773.0,31.0,Lee Chung-yong,Crystal Palace,Midfielder,0.972591510231,0.509156303032,0.4,1.039,0.0,0.287454013949,529.0,24.0
59115.0,31.0,Mile Jedinak,Crystal Palace,Midfielder,0.261798161578,0.0923988754084,0.0,0.0,0.0,0.0948433787119,96.0,11.0
18805.0,31.0,Joe Ledley,Crystal Palace,Midfielder,0.900770653404,1.18674805603,1.239,0.0,0.2784,1.66097187718,1233.0,34.0
60252.0,31.0,Andros Townsend,Crystal Palace,Midfielder,6.99661929952,2.5765811403,5.717,4.156,0.8352,2.74281778373,2677.0,64.0
50471.0,31.0,James McArthur,Crystal Palace,Midfielder,2.23174752093,1.94903877815,6.395,3.117,0.8352,2.66136245393,2025.0,53.0
103100.0,31.0,Jonathan Williams,Crystal Palace,Midfielder,0.0,0.0,0.0,0.0,0.0,0.0,0.0,0.0
49438.0,31.0,Jordon Mutch,Crystal Palace,Midfielder,0.126198037848,0.0760365745548,0.0,0.0,0.0,0.202072282312,79.0,10.0
44343.0,31.0,Bakary Sako,Crystal Palace,Midfielder,0.166575163325,0.149185684253,0.2,0.0,0.1392,0.0673135720934,155.0,12.0
19197.0,31.0,Jason Puncheon,Crystal Palace,Midfielder,8.55930384624,3.09247486133,2.2,5.195,0.8352,3.21548645008,3213.0,67.0
28541.0,31.0,Fraizer Campbell,Crystal Palace,Forward,0.152414279923,0.219447329095,1.239,0.0,0.0,0.0561250592151,228.0,17.0
59125.0,31.0,Connor Wickham,Crystal Palace,Forward,0.109644214162,0.439857146476,3.078,0.0,0.0,0.334973708723,457.0,25.0
204216.0,31.0,Keshi Anderson,Crystal Palace,Forward,0.0,0.0,0.0,0.0,0.0,0.0,0.0,0.0
94926.0,31.0,Freddie Ladapo,Crystal Palace,Forward,0.0,0.0,0.0,0.0,0.0,0.0,0.0,0.0
78315.0,11.0,Joel Robles,Everton,Goalkeeper,0.437306844224,2.43586206897,0.0,1.039,14.1984,0.0829896402354,1766.0,53.0
10318.0,11.0,Maarten Stekelenburg,Everton,Goalkeeper,0.264740121389,2.47310344828,1.239,0.0,4.25952,0.0781688988266,1793.0,42.0
12745.0,11.0,Leighton Baines,Everton,Defender,6.3447843591,4.00275862069,3.078,3.117,11.02464,3.68682855695,2902.0,75.0
19159.0,11.0,Ashley Williams,Everton,Defender,2.27007295296,4.53103448276,2.239,3.117,11.94336,9.6189904963,3285.0,77.0
7645.0,11.0,Phil Jagielka,Everton,Defender,1.44069454649,3.16827586207,4.317,2.078,7.34976,7.33154332834,2297.0,66.0
77762.0,11.0,Bryan Oviedo,Everton,Defender,1.45225743923,1.1898094397,0.2,0.0,2.75616,2.45252011514,1311.0,40.0
59949.0,11.0,Seamus Coleman,Everton,Defender,2.76037914524,3.41517241379,5.756,3.117,10.10592,5.18363613715,2476.0,70.0
121221.0,11.0,Ramiro Funes Mori,Everton,Defender,1.04615809132,2.32413793103,0.4,1.039,8.26848,3.68651331927,1685.0,54.0
194164.0,11.0,Mason Holgate,Everton,Defender,1.14113148266,1.88413793103,0.6,1.039,4.5936,2.20120541614,1366.0,46.0
108824.0,11.0,Brendan Galloway,Everton,Defender,0.172339607365,0.298043611168,0.2,0.0,0.91872,0.50301151498,260.0,20.0
27707.0,11.0,Darron Gibson,Everton,Midfielder,0.393851445362,0.41244462549,0.0,0.0,0.2784,0.955008777531,675.0,22.0
88894.0,11.0,Ross Barkley,Everton,Midfielder,11.4563532249,4.10896551724,11.195,8.312,1.8096,2.16093820022,2979.0,82.0
26901.0,11.0,Kevin Mirallas,Everton,Midfielder,6.08719765554,2.87172413793,8.556,6.234,1.5312,0.495978396468,2082.0,65.0
17349.0,11.0,Aaron Lennon,Everton,Midfielder,0.795723274182,0.753103448276,0.0,1.039,0.5568,0.52081186461,546.0,27.0
43250.0,11.0,Tom Cleverley,Everton,Midfielder,3.86825846379,2.20810661532,0.8,2.078,1.1136,2.48599748996,1906.0,51.0
50472.0,11.0,James McCarthy,Everton,Midfielder,0.787120997753,0.906206896552,1.639,1.039,0.2784,1.07271884048,657.0,32.0
80801.0,11.0,Idrissa Gueye,Everton,Midfielder,3.81120860119,3.85379310345,2.039,1.039,1.5312,5.68512716476,2794.0,63.0
1632.0,11.0,Gareth Barry,Everton,Midfielder,3.95188308811,3.0275862069,3.478,1.039,1.6704,6.21547360131,2195.0,63.0
87447.0,11.0,Muhamed Besic,Everton,Midfielder,0.0,0.0,0.0,0.0,0.0,0.0,0.0,0.0
173807.0,11.0,Tom Davies,Everton,Midfielder,1.90077237303,2.24137931034,3.078,3.117,1.5312,1.89515492545,1625.0,49.0
94924.0,11.0,Gerard Deulofeu,Everton,Forward,1.30767189972,0.704827586207,0.6,0.0,0.16704,0.174767177533,511.0,27.0
26921.0,11.0,Arouna Koné,Everton,Forward,0.129895397488,0.135172413793,0.4,0.0,0.16704,0.0,98.0,12.0
66749.0,11.0,Romelu Lukaku,Everton,Forward,6.39033162458,4.67862068966,35.136,6.234,1.08576,1.08296161572,3392.0,90.0
179141.0,11.0,Shani Tarashaj,Everton,Forward,0.0,0.0,0.0,0.0,0.0,0.0,0.0,0.0
12390.0,88.0,Allan McGregor,Hull City,Goalkeeper,0.0,0.0,0.0,0.0,0.0,0.0,0.0,0.0
19812.0,88.0,Dusan Kuciak,Hull City,Goalkeeper,0.0,0.0,0.0,0.0,0.0,0.0,0.0,0.0
11974.0,88.0,Eldin Jakupovic,Hull City,Goalkeeper,0.303408704243,2.12596978359,0.0,0.0,7.0992,0.0987254907173,2136.0,43.0
122798.0,88.0,Andrew Robertson,Hull City,Defender,2.99075914652,2.90628828093,1.239,2.078,4.5936,5.51082205424,2920.0,61.0
19687.0,88.0,Alex Bruce,Hull City,Defender,0.0,0.0,0.0,0.0,0.0,0.0,0.0,0.0
95658.0,88.0,Harry Maguire,Hull City,Defender,2.11061599621,2.47034503879,4.078,2.078,4.5936,8.37065006579,2482.0,64.0
19115.0,88.0,Curtis Davies,Hull City,Defender,0.870048846411,2.22052368314,1.839,2.078,1.83744,10.4173652651,2231.0,59.0
12679.0,88.0,Michael Dawson,Hull City,Defender,0.902438794653,1.7676602695,5.956,0.0,3.67488,7.63758624059,1776.0,58.0
37339.0,88.0,Ahmed Elmohamady,Hull City,Defender,4.07270222435,2.68632605145,1.639,2.078,3.67488,3.88696375236,2699.0,59.0
221267.0,88.0,Josh Tymon,Hull City,Defender,0.0359980977882,0.260769701919,0.0,0.0,1.83744,0.474018555946,262.0,20.0
171982.0,88.0,Brian Lenihan,Hull City,Defender,0.0,0.0,0.0,0.0,0.0,0.0,0.0,0.0
88898.0,88.0,Moses Odubajo,Hull City,Midfielder,0.0,0.0,0.0,0.0,0.0,0.0,0.0,0.0
53371.0,88.0,David Meyler,Hull City,Midfielder,0.902202902696,1.07393323806,1.639,0.0,0.5568,1.33214250994,1079.0,34.0
15109.0,88.0,Tom Huddlestone,Hull City,Midfielder,2.53941930336,2.07819518171,3.478,0.0,0.696,4.14158837194,2088.0,52.0
18987.0,88.0,Robert Snodgrass,Hull City,Midfielder,8.35074358587,2.67174501331,11.073,5.195,0.5568,1.27359727981,2650.0,70.0
74033.0,88.0,Sam Clucas,Hull City,Midfielder,2.50842721635,3.28748979175,3.278,1.039,0.8352,4.53578596964,3303.0,58.0
49944.0,88.0,Jake Livermore,Hull City,Midfielder,2.93796103689,3.27018582798,2.439,1.039,0.696,7.33677345515,3087.0,61.0
9110.0,88.0,Shaun Maloney,Hull City,Midfielder,0.561623652158,0.326459779502,1.239,2.078,0.1392,0.309725304278,328.0,24.0
155509.0,88.0,Greg Olley,Hull City,Midfielder,0.0,0.0,0.0,0.0,0.0,0.0,0.0,0.0
213384.0,88.0,Josh Clackstone,Hull City,Midfielder,0.0,0.0,0.0,0.0,0.0,0.0,0.0,0.0
59856.0,88.0,Abel Hernández,Hull City,Forward,1.67488947172,1.50788587178,7.756,3.117,0.4176,0.196417810318,1515.0,47.0
111847.0,88.0,Adama Diomande,Hull City,Forward,1.74164714094,1.27199877501,3.278,0.0,0.08352,0.702738429961,1278.0,38.0
178186.0,88.0,Jarrod Bowen,Hull City,Forward,0.0148652361729,0.143323805635,0.0,0.0,0.08352,0.007753550817,144.0,9.0
202174.0,88.0,Greg Luer,Hull City,Forward,0.0,0.0,0.0,0.0,0.0,0.0,0.0,0.0
17745.0,13.0,Kasper Schmeichel,Leicester City,Goalkeeper,0.401062844279,3.30455635492,0.0,0.0,12.77856,0.188405813967,2756.0,55.0
38038.0,13.0,Ben Hamer,Leicester City,Goalkeeper,0.0,0.0,0.0,0.0,0.0,0.0,0.0,0.0
51934.0,13.0,Ron-Robert Zieler,Leicester City,Goalkeeper,0.102279890693,0.976019184652,0.0,0.0,0.0,0.0521125992178,814.0,22.0
130025.0,13.0,Luis Hernández,Leicester City,Defender,0.55084188857,0.420863309353,0.0,0.0,0.0,0.35731496361,351.0,19.0
172850.0,13.0,Ben Chilwell,Leicester City,Defender,0.42874858514,0.818944844125,1.439,0.0,1.83744,1.18406885809,683.0,32.0
15033.0,13.0,Wes Morgan,Leicester City,Defender,0.942740276278,3.11870503597,1.639,0.0,3.67488,7.4452581414,2601.0,59.0
12413.0,13.0,Robert Huth,Leicester City,Defender,1.33585293393,3.74340527578,6.356,2.078,8.26848,10.5719916702,3122.0,74.0
40725.0,13.0,Danny Simpson,Leicester City,Defender,2.00307766369,3.71942446043,0.0,2.078,8.26848,5.72293099269,3102.0,64.0
37388.0,13.0,Marcin Wasilewski,Leicester City,Defender,0.0155570671838,0.115107913669,0.0,0.0,0.0,0.0774974706015,96.0,8.0
37402.0,13.0,Christian Fuchs,Leicester City,Defender,5.6910429576,3.86930455635,3.278,4.156,8.26848,6.75224574418,3227.0,75.0
61603.0,13.0,Daniel Drinkwater,Leicester City,Midfielder,2.63408730068,3.15707434053,1.639,1.039,1.1136,4.6339786547,2633.0,56.0
61604.0,13.0,Matthew James,Leicester City,Midfielder,0.0,0.00719424460432,0.0,0.0,0.0,0.0,6.0,2.0
13152.0,13.0,Andy King,Leicester City,Midfielder,1.0342953317,1.75299760192,2.439,0.0,0.696,3.26022924279,1462.0,44.0
51938.0,13.0,Marc Albrighton,Leicester City,Midfielder,6.3921208001,2.93525179856,3.478,6.234,1.1136,2.15696973831,2448.0,63.0
155569.0,13.0,Daniel Amartey,Leicester City,Midfielder,2.09554608041,2.15347721823,2.039,1.039,0.5568,2.64983970425,1796.0,47.0
165911.0,13.0,Bartosz Kapustka,Leicester City,Midfielder,0.0,0.0,0.0,0.0,0.0,0.0,0.0,0.0
86417.0,13.0,Jeffrey Schlupp,Leicester City,Midfielder,0.991834870778,1.14205901306,0.0,0.0,0.5568,1.9248415713,1147.0,33.0
172632.0,13.0,Demarai Gray,Leicester City,Midfielder,2.33840683921,1.396882494,2.639,3.117,0.9744,0.656183425514,1165.0,43.0
86881.0,13.0,Nampalys Mendy,Leicester City,Midfielder,0.263438632471,0.327338129496,0.0,0.0,0.2784,0.333807510402,273.0,17.0
103025.0,13.0,Riyad Mahrez,Leicester City,Midfielder,6.43165386951,3.4376498801,11.834,3.117,1.2528,1.54147058942,2867.0,70.0
90714.0,13.0,Ahmed Musa,Leicester City,Forward,1.09493830049,1.03357314149,3.278,1.039,0.16704,0.364431100539,862.0,35.0
101668.0,13.0,Jamie Vardy,Leicester City,Forward,4.21053472898,3.4448441247,17.068,5.195,0.58464,0.432007568666,2873.0,69.0
78412.0,13.0,Shinji Okazaki,Leicester City,Forward,1.96401192411,1.95803357314,4.917,1.039,0.75168,1.05054770362,1633.0,47.0
54316.0,13.0,Leonardo Ulloa,Leicester City,Forward,0.48445412386,0.651079136691,2.039,0.0,0.50112,0.284316651961,543.0,27.0
104542.0,14.0,Loris Karius,Liverpool,Goalkeeper,0.170281986073,1.7884228487,0.0,0.0,4.25952,0.0380790045934,962.0,36.0
1616.0,14.0,Alexander Manninger,Liverpool,Goalkeeper,0.0,0.0,0.0,0.0,0.0,0.0,0.0,0.0
66797.0,14.0,Simon Mignolet,Liverpool,Goalkeeper,0.553117253412,4.84658873864,0.0,0.0,11.35872,0.0746595212776,2607.0,60.0
57328.0,14.0,Nathaniel Clyne,Liverpool,Defender,6.44399246403,6.43051417221,1.0,2.078,10.10592,2.97999198184,3459.0,79.0
40784.0,14.0,Mamadou Sakho,Liverpool,Defender,0.685212861806,0.705503913275,0.0,0.0,2.75616,1.36702198163,733.0,32.0
38454.0,14.0,Dejan Lovren,Liverpool,Defender,2.30756885993,4.88748822166,3.078,1.039,9.1872,6.48042126389,2629.0,72.0
171287.0,14.0,Joseph Gomez,Liverpool,Defender,0.0,0.0,0.0,0.0,0.0,0.0,0.0,0.0
33871.0,14.0,Ragnar Klavan,Liverpool,Defender,0.952247968157,2.86110474444,0.4,0.0,4.5936,3.28114752555,1539.0,51.0
100059.0,14.0,Alberto Moreno,Liverpool,Defender,0.736741419035,0.682277739578,0.0,1.039,1.83744,0.312847873672,367.0,28.0
102548.0,14.0,Tiago Ilori,Liverpool,Defender,0.0,0.0,0.0,0.0,0.0,0.0,0.0,0.0
60914.0,14.0,Joel Matip,Liverpool,Defender,1.95585118727,4.72017215474,1.839,0.0,7.34976,5.53347394338,2539.0,67.0
106449.0,14.0,Kevin Stewart,Liverpool,Defender,0.0205673357671,0.076221763822,0.0,0.0,0.0,0.00976886188577,41.0,6.0
89088.0,14.0,Andre Wisdom,Liverpool,Defender,0.0,0.0,0.0,0.0,0.0,0.0,0.0,0.0
134383.0,14.0,Connor Randall,Liverpool,Defender,0.0,0.0,0.0,0.0,0.0,0.0,0.0,0.0
169187.0,14.0,Trent Alexander-Arnold,Liverpool,Defender,0.15241993041,0.364377212418,0.4,0.0,1.83744,0.427393608389,196.0,23.0
41733.0,14.0,Georginio Wijnaldum,Liverpool,Midfielder,5.5359681936,5.69618254514,8.995,7.273,1.392,1.82986792556,3064.0,75.0
15157.0,14.0,James Milner,Liverpool,Midfielder,8.84547399399,6.06427789238,10.673,3.117,1.5312,4.20250215579,3262.0,83.0
84583.0,14.0,Philippe Coutinho,Liverpool,Midfielder,9.34310792321,4.12155244862,19.468,7.273,1.1136,0.912137363786,2217.0,82.0
56979.0,14.0,Jordan Henderson,Liverpool,Midfielder,5.29061981084,4.19405607762,1.839,4.156,0.9744,3.13586419624,2256.0,64.0
210237.0,14.0,Marko Grujic,Liverpool,Midfielder,0.174374604981,0.131993786131,0.4,0.0,0.2784,0.0112189286822,71.0,13.0
110979.0,14.0,Sadio Mané,Liverpool,Midfielder,6.10913620874,4.35393587491,18.307,5.195,0.9744,0.601694471071,2342.0,77.0
39155.0,14.0,Adam Lallana,Liverpool,Midfielder,5.51682642175,4.34649960527,10.673,7.273,1.1136,1.78806054205,2338.0,72.0
43191.0,14.0,Lucas Leiva,Liverpool,Midfielder,1.39278939576,2.26806224056,0.2,3.117,1.2528,2.60112266608,1220.0,46.0
112338.0,14.0,Emre Can,Liverpool,Midfielder,4.76578275713,4.58446023378,7.195,2.078,1.392,2.71546829644,2466.0,68.0
99323.0,14.0,Lazar Markovic,Liverpool,Midfielder,1.16025267879,1.04307880768,3.078,0.0,0.4176,0.636690753649,1048.0,35.0
141921.0,14.0,Sheyi Ojo,Liverpool,Midfielder,0.0,0.0,0.0,0.0,0.0,0.0,0.0,0.0
54861.0,14.0,Christian Benteke,Liverpool,Forward,5.35808949493,3.11268711532,23.585,2.078,0.50112,0.804603925125,3234.0,74.0
92217.0,14.0,Roberto Firmino,Liverpool,Forward,10.1207434647,5.90811622991,20.029,6.234,0.8352,2.14399658101,3178.0,89.0
40755.0,14.0,Daniel Sturridge,Liverpool,Forward,1.81170050888,1.44635444521,7.317,1.039,0.58464,0.0498330419449,778.0,45.0
152760.0,14.0,Divock Origi,Liverpool,Forward,2.41234512431,2.99495759798,10.273,3.117,0.8352,0.664570640299,1611.0,58.0
84939.0,14.0,Danny Ings,Liverpool,Forward,0.0,0.0,0.0,0.0,0.0,0.0,0.0,0.0
42493.0,14.0,Mario Balotelli,Liverpool,Forward,0.0,0.0,0.0,0.0,0.0,0.0,0.0,0.0
15749.0,43.0,Joe Hart,Manchester City,Goalkeeper,0.0,0.0,0.0,0.0,0.0,0.0,0.0,0.0
20310.0,43.0,Willy Caballero,Manchester City,Goalkeeper,0.276618549564,2.57012008956,0.0,0.0,7.0992,0.0754644648563,1464.0,45.0
107265.0,43.0,Angus Gunn,Manchester City,Goalkeeper,0.0,0.0,0.0,0.0,0.0,0.0,0.0,0.0
37748.0,43.0,Bacary Sagna,Manchester City,Defender,1.51480478054,2.48936495013,0.2,1.039,3.67488,1.85756006414,1418.0,47.0
17476.0,43.0,Vincent Kompany,Manchester City,Defender,0.529240278103,1.37108182373,2.478,0.0,2.75616,1.50978009633,781.0,40.0
20658.0,43.0,Pablo Zabaleta,Manchester City,Defender,1.636797927,2.07330042744,1.439,1.039,3.67488,1.47634777179,1181.0,47.0
42593.0,43.0,Aleksandar Kolarov,Manchester City,Defender,3.11195034276,4.79439751679,4.278,1.039,6.43104,5.17801327636,2731.0,70.0
57112.0,43.0,Eliaquim Mangala,Manchester City,Defender,0.0,0.0,0.0,0.0,0.0,0.0,0.0,0.0
17336.0,43.0,Gaël Clichy,Manchester City,Defender,2.62825659136,3.81304701812,1.239,0.0,5.51232,3.04776527467,2172.0,60.0
97299.0,43.0,John Stones,Manchester City,Defender,1.31685385402,3.80602483208,0.4,0.0,3.67488,4.9379158679,2168.0,57.0
160729.0,43.0,Jason Denayer,Manchester City,Defender,0.563821411155,1.22816844035,1.639,0.0,5.51232,5.3531467011,2010.0,49.0
57410.0,43.0,Nicolás Otamendi,Manchester City,Defender,1.99618600443,4.74173112151,1.639,1.039,7.34976,7.42134363154,2701.0,70.0
52538.0,43.0,Fernando,Manchester City,Midfielder,0.576176777347,1.14286077753,0.0,0.0,0.2784,0.926492601768,651.0,29.0
28554.0,43.0,Samir Nasri,Manchester City,Midfielder,0.142418816417,0.0386220232037,0.2,0.0,0.0,0.0,22.0,8.0
17740.0,43.0,Jesús Navas,Manchester City,Midfielder,2.78192562058,2.01361184612,0.4,0.0,0.8352,1.02670028789,1147.0,43.0
59859.0,43.0,Ilkay Gündogan,Manchester City,Midfielder,1.75456397397,1.27277121921,3.917,1.039,0.4176,0.370929219182,725.0,40.0
61366.0,43.0,Kevin De Bruyne,Manchester City,Midfielder,14.7934514005,5.19115102789,10.434,16.624,1.2528,1.41130701898,2957.0,90.0
41823.0,43.0,Fabian Delph,Manchester City,Midfielder,0.307519570558,0.458197638917,1.439,0.0,0.2784,0.476608326772,261.0,23.0
182156.0,43.0,Leroy Sané,Manchester City,Midfielder,4.66596942462,3.19509464686,7.995,2.078,1.1136,1.04930981988,1820.0,62.0
20664.0,43.0,David Silva,Manchester City,Midfielder,11.4128906938,4.9857520863,7.556,7.273,0.9744,1.71041277494,2840.0,80.0
27789.0,43.0,Fernandinho,Manchester City,Midfielder,5.45684187316,5.02612965601,3.039,1.039,1.1136,4.04859078683,2863.0,68.0
206325.0,43.0,Oleksandr Zinchenko,Manchester City,Midfielder,0.0,0.0,0.0,0.0,0.0,0.0,0.0,0.0
14664.0,43.0,Yaya Touré,Manchester City,Midfielder,3.4588042154,3.52338184409,8.195,0.0,0.9744,2.08588658256,2007.0,61.0
103955.0,43.0,Raheem Sterling,Manchester City,Forward,6.41694614817,4.63990942398,11.673,6.234,0.66816,0.927722891774,2643.0,73.0
86173.0,43.0,Nolito,Manchester City,Forward,1.951138834,1.47992570731,6.556,2.078,0.33408,0.392512233804,843.0,45.0
37572.0,43.0,Sergio Agüero,Manchester City,Forward,3.83331375444,4.36604416853,28.302,2.078,0.50112,0.523892325047,2487.0,79.0
57001.0,43.0,Wilfried Bony,Manchester City,Forward,1.04076279797,0.754887983707,3.078,0.0,0.25056,0.371070904231,706.0,32.0
173515.0,43.0,Kelechi Iheanacho,Manchester City,Forward,1.6234426821,1.06737227763,5.556,3.117,0.33408,0.0985299524272,608.0,41.0
51940.0,1.0,David de Gea,Manchester United,Goalkeeper,0.529327788123,5.85623516803,0.0,0.0,21.2976,0.0684000369409,3375.0,72.0
42899.0,1.0,Sergio Romero,Manchester United,Goalkeeper,0.0392865259061,0.331419530991,0.0,0.0,2.83968,0.00853388690611,191.0,22.0
101982.0,1.0,Sam Johnstone,Manchester United,Goalkeeper,0.0,0.0,0.0,0.0,0.0,0.0,0.0,0.0
197365.0,1.0,Eric Bailly,Manchester United,Defender,0.696264547472,3.63693893695,0.2,0.0,11.02464,6.13533978116,2096.0,64.0
76359.0,1.0,Phil Jones,Manchester United,Defender,0.705998546792,2.76761336089,0.0,0.0,5.51232,4.8906474299,1595.0,53.0
58893.0,1.0,Marcos Rojo,Manchester United,Defender,1.14569203397,3.114649519,1.839,0.0,8.26848,3.71683855761,1795.0,58.0
55909.0,1.0,Chris Smalling,Manchester United,Defender,0.749223348277,2.26267575085,1.239,1.039,9.1872,3.41368072646,1304.0,55.0
58877.0,1.0,Daley Blind,Manchester United,Defender,4.32409914584,3.40268953023,1.439,2.078,10.10592,4.24764231405,1961.0,68.0
106760.0,1.0,Luke Shaw,Manchester United,Defender,1.61736614056,1.25800607313,0.2,1.039,4.5936,0.907132519146,725.0,41.0
201084.0,1.0,Timothy Fosu-Mensah,Manchester United,Defender,0.00488368573815,0.0312332542295,0.0,0.0,1.83744,0.0123480287731,18.0,15.0
20695.0,1.0,Antonio Valencia,Manchester United,Defender,5.15508954192,4.60516981806,1.839,3.117,11.94336,3.92918606813,2654.0,75.0
40002.0,1.0,Matteo Darmian,Manchester United,Defender,0.661847274011,2.47783816887,0.0,0.0,8.26848,2.57173873947,1428.0,51.0
74208.0,1.0,Paul Pogba,Manchester United,Midfielder,8.47376302294,4.75092500447,10.356,3.117,1.9488,2.61514498601,2738.0,78.0
43670.0,1.0,Juan Mata,Manchester United,Midfielder,6.37588496694,2.90989818572,11.673,3.117,1.2528,0.680276548394,1677.0,67.0
109322.0,1.0,Jesse Lingard,Manchester United,Midfielder,4.12793620384,2.40322539488,3.639,2.078,1.392,0.85843257149,1385.0,53.0
2404.0,1.0,Michael Carrick,Manchester United,Midfielder,2.08492796437,2.89601673939,0.0,0.0,1.2528,3.18229130641,1669.0,49.0
18892.0,1.0,Ashley Young,Manchester United,Midfielder,1.68076570066,1.42631860981,0.0,1.039,0.8352,1.27027418787,822.0,37.0
59846.0,1.0,Ander Herrera,Manchester United,Midfielder,5.83091356298,4.56005511751,2.239,6.234,2.088,4.94471274344,2628.0,71.0
57249.0,1.0,Henrikh Mkhitaryan,Manchester United,Midfielder,4.14475487592,2.47783816887,7.356,1.039,1.8096,0.935530485181,1428.0,57.0
41184.0,1.0,Marouane Fellaini,Manchester United,Midfielder,3.01259599694,3.0226849371,2.439,0.0,2.088,2.91582304039,1742.0,55.0
42774.0,1.0,Morgan Schneiderlin,Manchester United,Midfielder,0.932270024201,1.47550369958,1.639,0.0,1.1136,2.07859123855,1062.0,39.0
15208.0,1.0,Bastian Schweinsteiger,Manchester United,Midfielder,0.0,0.0,0.0,0.0,0.0,0.0,0.0,0.0
106824.0,1.0,Memphis Depay,Manchester United,Forward,0.00247860851308,0.0867590395264,0.0,0.0,0.08352,0.0189724794992,50.0,7.0
9808.0,1.0,Zlatan Ibrahimovic,Manchester United,Forward,6.88732457657,4.53576258644,26.863,5.195,1.08576,0.752256140923,2614.0,84.0
13017.0,1.0,Wayne Rooney,Manchester United,Forward,4.84132479232,2.7103523948,8.995,5.195,0.8352,1.30873035915,1562.0,62.0
148225.0,1.0,Anthony Martial,Manchester United,Forward,3.57268292216,2.77108372247,7.756,6.234,0.75168,0.645596981396,1597.0,59.0
176297.0,1.0,Marcus Rashford,Manchester United,Forward,2.86643608216,3.25693434382,8.595,1.039,1.33632,0.531079980992,1877.0,58.0
19101.0,25.0,Dimitrios Konstantopoulos,Middlesbrough,Goalkeeper,0.0,0.0,0.0,0.0,0.0,0.0,0.0,0.0
41705.0,25.0,Brad Guzan,Middlesbrough,Goalkeeper,0.120718477944,0.618646232439,0.0,0.0,4.25952,0.0458325554104,865.0,28.0
51942.0,25.0,Tomás Mejías,Middlesbrough,Goalkeeper,0.0,0.0,0.0,0.0,0.0,0.0,0.0,0.0
12496.0,25.0,Víctor Valdés,Middlesbrough,Goalkeeper,0.440971292834,1.93174968072,0.0,0.0,11.35872,0.204277931336,2701.0,48.0
54771.0,25.0,Fabio,Middlesbrough,Defender,2.49946475767,1.35029374202,0.4,0.0,6.43104,3.38929785395,1888.0,50.0
40202.0,25.0,George Friend,Middlesbrough,Defender,1.70331798406,1.44827586207,0.2,2.078,5.51232,4.51956369399,2025.0,50.0
75880.0,25.0,Daniel Ayala,Middlesbrough,Defender,0.275207807623,0.692311621967,2.039,0.0,3.67488,2.33452255771,968.0,37.0
55317.0,25.0,Bernardo,Middlesbrough,Defender,0.32238564068,0.742375478927,0.2,0.0,3.67488,2.43975662047,1038.0,35.0
83312.0,25.0,Ben Gibson,Middlesbrough,Defender,1.22955111555,2.55039591315,2.239,1.039,10.10592,8.97617170352,3566.0,66.0
15633.0,25.0,Alex Baptiste,Middlesbrough,Defender,0.0,0.0,0.0,0.0,0.0,0.0,0.0,0.0
20399.0,25.0,Antonio Barragán,Middlesbrough,Defender,1.72070986407,1.6749936143,0.0,0.0,7.34976,5.40992543875,2342.0,54.0
169061.0,25.0,Dael Fry,Middlesbrough,Defender,0.0,0.0,0.0,0.0,0.0,0.0,0.0,0.0
90263.0,25.0,James Husband,Middlesbrough,Defender,0.0133306934568,0.0414814814815,0.0,0.0,0.0,0.015507101634,58.0,5.0
10460.0,25.0,Grant Leadbitter,Middlesbrough,Midfielder,1.22841640652,0.481328224777,1.639,0.0,0.5568,0.530943315822,673.0,29.0
59044.0,25.0,Adam Clayton,Middlesbrough,Midfielder,3.06596287066,2.07335887612,0.4,2.078,1.392,6.3736158798,2899.0,55.0
82428.0,25.0,Marten de Roon,Middlesbrough,Midfielder,1.89856145371,2.11126436782,5.556,0.0,1.1136,3.87234546502,2952.0,53.0
153601.0,25.0,Carlos De Pena,Middlesbrough,Midfielder,0.0,0.0,0.0,0.0,0.0,0.0,0.0,0.0
12002.0,25.0,Stewart Downing,Middlesbrough,Midfielder,3.86511678714,1.63422733078,2.239,3.117,1.2528,1.29298432107,2285.0,49.0
96778.0,25.0,Adam Reach,Middlesbrough,Midfielder,0.0,0.0,0.0,0.0,0.0,0.0,0.0,0.0
78091.0,25.0,Gastón Ramírez,Middlesbrough,Midfielder,4.25589456893,1.14932311622,3.878,3.117,1.1136,1.40421760346,1607.0,49.0
169535.0,25.0,Julien de Sart,Middlesbrough,Midfielder,0.0,0.0,0.0,0.0,0.0,0.0,0.0,0.0
48771.0,25.0,Nsue,Middlesbrough,Midfielder,0.306042248718,0.238876117497,0.0,0.0,0.1392,0.523738434845,334.0,17.0
49773.0,25.0,Albert Adomah,Middlesbrough,Midfielder,0.165107637975,0.0972669220945,0.0,0.0,0.0,0.0852936654671,136.0,10.0
80179.0,25.0,Adam Forshaw,Middlesbrough,Midfielder,4.04627723422,1.97609195402,0.8,1.039,1.5312,2.39048830326,2763.0,50.0
20047.0,25.0,Jordan Rhodes,Middlesbrough,Forward,0.280609849907,0.168786717752,0.8,0.0,0.08352,0.404496149646,236.0,17.0
42892.0,25.0,Álvaro Negredo,Middlesbrough,Forward,3.86460856199,2.15131545338,13.951,4.156,0.91872,1.51247780297,3008.0,63.0
123125.0,25.0,Viktor Fischer,Middlesbrough,Forward,0.89468334312,0.339003831418,0.4,3.117,0.33408,0.0617429103994,474.0,25.0
49464.0,25.0,Cristhian Stuani,Middlesbrough,Forward,1.02636726526,1.02344827586,6.156,0.0,0.58464,1.33804250218,1431.0,41.0
12744.0,25.0,David Nugent,Middlesbrough,Forward,0.0103733875393,0.0464878671775,0.0,0.0,0.08352,0.014134964404,65.0,6.0
40383.0,20.0,Fraser Forster,Southampton,Goalkeeper,0.564680951121,4.18566716948,0.0,0.0,18.45792,0.0521125992178,3559.0,64.0
58376.0,20.0,Alex McCarthy,Southampton,Goalkeeper,0.0,0.0,0.0,0.0,0.0,0.0,0.0,0.0
58822.0,20.0,Cédric Soares,Southampton,Defender,5.75885087653,3.02252448035,1.2,3.117,10.10592,3.71264411018,2570.0,69.0
80447.0,20.0,Maya Yoshida,Southampton,Defender,1.21105977411,2.49211259683,2.439,0.0,5.51232,5.19219646358,2119.0,56.0
84395.0,20.0,Florin Gardos,Southampton,Defender,0.0,0.0,0.0,0.0,0.0,0.0,0.0,0.0
38580.0,20.0,José Fonte,Southampton,Defender,2.02158729797,3.41311620682,0.6,0.0,10.10592,8.07962553125,3072.0,67.0
56192.0,20.0,Cuco Martina,Southampton,Defender,0.865387309417,0.745634443791,0.0,0.0,4.5936,0.809870274751,634.0,34.0
97032.0,20.0,Virgil van Dijk,Southampton,Defender,1.59107742522,2.31922890088,2.039,0.0,7.34976,5.60468479933,1972.0,58.0
40146.0,20.0,Ryan Bertrand,Southampton,Defender,4.0571200361,3.03310919643,3.278,4.156,10.10592,3.87437649024,2579.0,68.0
40833.0,20.0,Jérémy Pied,Southampton,Defender,0.160133216798,0.168179377701,0.0,0.0,0.91872,0.337117690341,143.0,16.0
169359.0,20.0,Matt Targett,Southampton,Defender,0.768112019206,0.468079666607,0.0,0.0,0.91872,0.394676900036,398.0,23.0
85654.0,20.0,Jordy Clasie,Southampton,Midfielder,0.892727904364,1.26193337254,1.839,1.039,0.696,0.97574235734,1073.0,36.0
17339.0,20.0,Steven Davis,Southampton,Midfielder,4.39692023575,3.21304936977,1.0,3.117,1.392,3.28988495961,2732.0,58.0
62399.0,20.0,Dusan Tadic,Southampton,Midfielder,9.09125986625,2.87551453481,7.317,5.195,1.5312,1.1820888058,2445.0,69.0
78056.0,20.0,Oriol Romeu,Southampton,Midfielder,2.73221161677,3.74816557155,2.039,0.0,1.6704,6.13148467547,3187.0,61.0
101178.0,20.0,James Ward-Prowse,Southampton,Midfielder,5.69091576864,2.275713957,7.356,4.156,1.392,1.37428505292,1935.0,61.0
153366.0,20.0,Harrison Reed,Southampton,Midfielder,0.0189670520747,0.0882059673254,0.0,0.0,0.2784,0.157242598355,75.0,10.0
83283.0,20.0,Nathan Redmond,Southampton,Midfielder,7.87651023253,3.48237159001,12.873,1.039,1.8096,1.48989522996,2961.0,73.0
132015.0,20.0,Pierre-Emile Højbjerg,Southampton,Midfielder,2.45985634911,1.64415923095,0.8,0.0,0.9744,2.53315449869,1398.0,44.0
20452.0,20.0,Shane Long,Southampton,Forward,2.01023480199,1.65003962877,6.117,1.039,1.00224,1.16554958656,1403.0,47.0
44683.0,20.0,Jay Rodriguez,Southampton,Forward,1.0875130556,1.1772556439,8.195,2.078,0.58464,0.41564447315,1001.0,44.0
78356.0,20.0,Charlie Austin,Southampton,Forward,1.20133005939,1.07258456268,9.634,1.039,0.4176,0.371280350441,912.0,45.0
105666.0,110.0,Jack Butland,Stoke City,Goalkeeper,0.0678673768782,0.410590631365,0.0,0.0,1.41984,0.0162874377231,384.0,19.0
1822.0,110.0,Shay Given,Stoke City,Goalkeeper,0.0900757653046,0.518584521385,1.239,0.0,1.41984,0.0162874377231,485.0,24.0
112316.0,110.0,Jakob Haugaard,Stoke City,Goalkeeper,0.0,0.0,0.0,0.0,0.0,0.0,0.0,0.0
17997.0,110.0,Phil Bardsley,Stoke City,Defender,1.33551609807,1.33014256619,0.4,0.0,6.43104,2.44788848415,1244.0,45.0
39487.0,110.0,Erik Pieters,Stoke City,Defender,2.81193483863,3.52530549898,0.0,1.039,10.10592,7.38533629654,3297.0,68.0
61595.0,110.0,Marc Muniesa,Stoke City,Defender,0.67208754363,0.758095723014,1.639,0.0,3.67488,2.00605154028,709.0,38.0
9047.0,110.0,Glen Johnson,Stoke City,Defender,1.84646174938,2.25076374745,0.8,0.0,5.51232,4.06271694271,2105.0,53.0
32318.0,110.0,Marc Wilson,Stoke City,Defender,0.183125767112,0.197167312003,0.0,0.0,0.0,0.551149385788,172.0,15.0
37869.0,110.0,Ryan Shawcross,Stoke City,Defender,1.29051705024,3.51461303462,4.917,1.039,10.10592,9.56991972954,3287.0,72.0
50089.0,110.0,Geoff Cameron,Stoke City,Defender,1.64136365395,1.76746435845,1.0,0.0,5.51232,4.08350129906,1653.0,51.0
69960.0,110.0,Philipp Wollscheid,Stoke City,Defender,0.0646901394671,0.209572301426,0.0,0.0,0.0,0.392766259714,196.0,13.0
40555.0,110.0,Joe Allen,Stoke City,Midfielder,3.93916928709,3.2366089613,9.834,2.078,1.6704,3.57062662302,3027.0,66.0
12150.0,110.0,Glenn Whelan,Stoke City,Midfielder,3.38703082859,2.49775967413,1.439,1.039,1.6704,5.38483381823,2336.0,56.0
20481.0,110.0,Stephen Ireland,Stoke City,Midfielder,0.0,0.0,0.0,0.0,0.0,0.0,0.0,0.0
19568.0,110.0,Ibrahim Afellay,Stoke City,Midfielder,0.228499775945,0.474745417515,0.2,0.0,0.696,0.141693852388,444.0,20.0
20208.0,110.0,Charlie Adam,Stoke City,Midfielder,4.19235515863,1.69475560081,3.239,2.078,1.1136,2.17527373491,1585.0,52.0
102738.0,110.0,Giannelli Imbula,Stoke City,Midfielder,0.782021059221,0.914205702648,1.239,0.0,0.4176,0.304780924918,855.0,29.0
68312.0,110.0,Xherdan Shaqiri,Stoke City,Midfielder,5.04974547615,1.8016802444,6.156,2.078,0.696,0.335624117699,1685.0,54.0
205102.0,110.0,Ramadan Sobhi,Stoke City,Midfielder,1.00156259744,0.89816700611,0.2,1.039,0.696,0.421165464897,840.0,29.0
61316.0,110.0,Joselu,Stoke City,Forward,0.0,0.0,0.0,0.0,0.0,0.0,0.0,0.0
41464.0,110.0,Marko Arnautovic,Stoke City,Forward,6.77785312945,3.05590631365,10.034,5.195,0.8352,1.50781221161,2858.0,68.0
61858.0,110.0,Mame Biram Diouf,Stoke City,Forward,1.56197715065,1.53650712831,1.439,2.078,0.75168,1.65039983117,1437.0,41.0
12813.0,110.0,Jonathan Walters,Stoke City,Forward,1.73691047151,1.51939918534,6.556,2.078,0.58464,1.02945745332,1421.0,46.0
3773.0,110.0,Peter Crouch,Stoke City,Forward,2.81123577104,1.48625254582,9.234,2.078,0.66816,1.0796584913,1390.0,52.0
40276.0,110.0,Bojan,Stoke City,Forward,0.569970508737,0.546384928717,3.917,0.0,0.16704,0.374404052855,511.0,30.0
20487.0,56.0,Vito Mannone,Sunderland,Goalkeeper,0.0999750250823,0.530373236927,0.0,0.0,2.83968,0.0653702791819,868.0,24.0
111234.0,56.0,Jordan Pickford,Sunderland,Goalkeeper,0.954794193401,1.65711085086,0.0,0.0,5.67936,0.169295815334,2712.0,40.0
11467.0,56.0,Billy Jones,Sunderland,Defender,3.98696100602,1.42369774428,1.839,0.0,4.5936,5.25098734589,2330.0,56.0
74230.0,56.0,Patrick van Aanholt,Sunderland,Defender,5.00077315655,1.85452564041,7.795,1.039,5.51232,4.00231708484,2629.0,65.0
37742.0,56.0,Younes Kaboul,Sunderland,Defender,0.776576251241,2.17330572928,2.878,0.0,5.51232,5.43317918145,2037.0,55.0
80935.0,56.0,Papy Djilobodji,Sunderland,Defender,0.581047286787,1.03691633994,0.4,0.0,1.83744,6.93647223889,1697.0,45.0
3736.0,56.0,John O'Shea,Sunderland,Defender,0.59776332745,1.35587351698,0.2,1.039,5.51232,5.27992456861,2219.0,48.0
160817.0,56.0,Paddy McNair,Sunderland,Defender,0.487457197909,0.233413106574,1.239,0.0,0.91872,0.671086593422,382.0,24.0
160816.0,56.0,Donald Love,Sunderland,Defender,0.649687802237,0.416721829014,0.2,1.039,1.83744,2.11567119321,682.0,31.0
45076.0,56.0,Lamine Koné,Sunderland,Defender,0.815818026346,1.6729976068,1.839,0.0,4.5936,6.93753886541,2738.0,53.0
28448.0,56.0,Lee Cattermole,Sunderland,Midfielder,0.320140560233,0.340954223738,0.2,0.0,0.0,1.37651225304,558.0,22.0
19057.0,56.0,Sebastian Larsson,Sunderland,Midfielder,2.87534703323,0.898823769031,0.6,1.039,0.696,2.59806304549,1471.0,41.0
49384.0,56.0,Jack Rodwell,Sunderland,Midfielder,1.23309983255,0.913488466826,0.8,1.039,0.4176,2.32275718401,1495.0,36.0
60165.0,56.0,Wahbi Khazri,Sunderland,Midfielder,2.64003234527,0.587198940883,3.039,0.0,0.2784,0.302046556987,961.0,36.0
57736.0,56.0,Jan Kirchhoff,Sunderland,Midfielder,0.219935514572,0.279851316258,0.0,0.0,0.0,0.45558880808,458.0,16.0
219727.0,56.0,Joel Asoro,Sunderland,Midfielder,0.0,0.0097764651968,0.0,0.0,0.0,0.0,16.0,2.0
154976.0,56.0,Adnan Januzaj,Sunderland,Midfielder,4.07780833899,1.02041855492,1.4,3.117,0.4176,0.699900761228,1670.0,43.0
77454.0,56.0,Fabio Borini,Sunderland,Forward,2.11696168052,1.0839655787,4.878,1.039,0.33408,1.38073199552,1774.0,43.0
115854.0,56.0,Duncan Watmore,Sunderland,Forward,1.41251564042,0.65685625541,0.8,2.078,0.08352,0.780046493955,1075.0,31.0
39187.0,56.0,Jeremain Lens,Sunderland,Forward,0.238653796171,0.048882325984,0.0,0.0,0.0,0.236210337269,80.0,11.0
7958.0,56.0,Jermain Defoe,Sunderland,Forward,2.44906888113,2.17770762259,21.785,2.078,0.50112,0.712048064356,3564.0,65.0
149016.0,56.0,Lynden Gooch,Sunderland,Forward,0.553774212636,0.2303579612,0.0,0.0,0.0,0.245954773771,377.0,16.0
37096.0,80.0,Lukasz Fabianski,Swansea City,Goalkeeper,0.608436865869,3.7279370576,0.0,0.0,11.35872,0.0958971677441,3571.0,56.0
61760.0,80.0,Kristoffer Nordfeldt,Swansea City,Goalkeeper,0.0,0.0,0.0,0.0,0.0,0.0,0.0,0.0
102907.0,80.0,Mark Birighitti,Swansea City,Goalkeeper,0.0,0.0,0.0,0.0,0.0,0.0,0.0,0.0
80789.0,80.0,Jordi Amat,Swansea City,Defender,0.589575860488,1.58366858481,0.8,0.0,1.83744,4.61891999845,1517.0,44.0
47390.0,80.0,Neil Taylor,Swansea City,Defender,0.510185328456,1.02724448745,0.0,0.0,0.91872,1.64708785145,984.0,31.0
97615.0,80.0,Mike van der Hoorn,Swansea City,Defender,0.24363427863,0.73807098844,1.439,0.0,1.83744,2.15752729253,707.0,33.0
55313.0,80.0,Franck Tabanou,Swansea City,Defender,0.0,0.0,0.0,0.0,0.0,0.0,0.0,0.0
42996.0,80.0,Angel Rangel,Swansea City,Defender,1.07892462508,0.977135000255,1.639,0.0,1.83744,1.57095692835,936.0,36.0
49539.0,80.0,Kyle Naughton,Swansea City,Defender,3.60039098691,2.91470183837,3.278,0.0,6.43104,5.6429334237,2792.0,64.0
57145.0,80.0,Federico Fernández,Swansea City,Defender,1.13646963836,2.62657228701,0.4,2.078,5.51232,6.71652995274,2516.0,58.0
96306.0,80.0,Stephen Kingsley,Swansea City,Defender,0.758554930134,1.14938636248,0.2,0.0,2.75616,1.32466498395,1101.0,35.0
76542.0,80.0,Ki Sung-yueng,Swansea City,Midfielder,1.60334955377,1.43438407089,0.2,1.039,0.5568,1.45050709137,1374.0,37.0
15114.0,80.0,Leon Britton,Swansea City,Midfielder,0.51691648136,1.16713347253,0.0,0.0,0.8352,1.6461433678,1118.0,32.0
49277.0,80.0,Leroy Fer,Swansea City,Midfielder,2.83160221888,2.62344044406,8.434,2.078,0.8352,3.05954028415,2513.0,59.0
21083.0,80.0,Nathan Dyer,Swansea City,Midfielder,0.400466017183,0.260986912461,0.2,1.039,0.1392,0.116864398841,250.0,18.0
11829.0,80.0,Wayne Routledge,Swansea City,Midfielder,3.5112186296,2.06701634669,4.917,1.039,0.5568,0.777049441987,1980.0,50.0
49195.0,80.0,Jefferson Montero,Swansea City,Midfielder,1.34873326827,0.458293018282,0.2,1.039,0.2784,0.120971434451,439.0,25.0
55422.0,80.0,Gylfi Sigurdsson,Swansea City,Midfielder,10.3179216691,3.61727860671,19.351,13.507,1.1136,1.95572671375,3465.0,85.0
40145.0,80.0,Jack Cork,Swansea City,Midfielder,2.3882712783,2.49503488313,3.478,0.0,0.696,3.76981157244,2390.0,52.0
96305.0,80.0,Jay Fulton,Swansea City,Midfielder,0.470448149667,0.761037836737,0.0,0.0,0.1392,1.47081457204,729.0,27.0
19760.0,80.0,Fernando Llorente,Swansea City,Forward,3.78670961793,2.59003411926,19.546,0.0,0.58464,1.27814692147,2481.0,67.0
83091.0,80.0,Borja Bastón,Swansea City,Forward,0.664639273376,0.680653867699,1.639,0.0,0.25056,0.343111341878,652.0,27.0
39270.0,80.0,Marvin Emnes,Swansea City,Forward,0.0,0.0,0.0,0.0,0.0,0.0,0.0,0.0
111787.0,80.0,Modou Barrow,Swansea City,Forward,2.78791578542,1.25691297041,0.6,2.078,0.25056,0.488273917144,1204.0,38.0
37915.0,6.0,Hugo Lloris,Tottenham Hotspur,Goalkeeper,0.95596587574,6.60013257527,0.0,0.0,19.87776,0.219402484647,3119.0,74.0
39215.0,6.0,Michel Vorm,Tottenham Hotspur,Goalkeeper,0.0913288455377,0.943782984473,0.0,0.0,2.83968,0.0294158025853,446.0,28.0
58621.0,6.0,Kyle Walker,Tottenham Hotspur,Defender,6.11716913431,6.08168676542,1.0,5.195,12.86208,4.16272547636,2874.0,81.0
38290.0,6.0,Danny Rose,Tottenham Hotspur,Defender,4.19120166007,3.44925171456,3.078,2.078,6.43104,2.33666454645,1630.0,64.0
55605.0,6.0,Toby Alderweireld,Tottenham Hotspur,Defender,1.70015074599,5.66058180149,1.6,0.0,11.94336,6.83401323183,2675.0,75.0
39194.0,6.0,Jan Vertonghen,Tottenham Hotspur,Defender,2.42245552404,6.34831603906,0.8,0.0,12.86208,7.79903680178,3000.0,79.0
77794.0,6.0,Kieran Trippier,Tottenham Hotspur,Defender,1.53379287749,1.12788414961,0.0,3.117,4.5936,1.18842475477,533.0,42.0
97485.0,6.0,Kevin Wimmer,Tottenham Hotspur,Defender,0.240424702464,0.797771715575,1.239,0.0,1.83744,0.481413588187,377.0,29.0
115556.0,6.0,Ben Davies,Tottenham Hotspur,Defender,4.31822710599,3.76243530582,0.6,3.117,9.1872,2.93419797356,1778.0,66.0
151119.0,6.0,DeAndre Yedlin,Tottenham Hotspur,Defender,0.0,0.0,0.0,0.0,0.0,0.0,0.0,0.0
168763.0,6.0,Cameron Carter-Vickers,Tottenham Hotspur,Defender,0.0,0.0,0.0,0.0,0.0,0.0,0.0,0.0
126407.0,6.0,Nabil Bentaleb,Tottenham Hotspur,Midfielder,0.0,0.0,0.0,0.0,0.0,0.0,0.0,0.0
85971.0,6.0,Son Heung-Min,Tottenham Hotspur,Midfielder,5.74841395272,4.42477627922,20.746,5.195,2.088,0.478447317147,2091.0,79.0
58791.0,6.0,Ryan Mason,Tottenham Hotspur,Midfielder,1.1613456219,0.983360555329,1.839,0.0,0.1392,1.2456779225,988.0,34.0
62974.0,6.0,Erik Lamela,Tottenham Hotspur,Midfielder,2.68503501243,1.36277184305,2.439,1.039,0.5568,0.304576657105,644.0,41.0
54756.0,6.0,Victor Wanyama,Tottenham Hotspur,Midfielder,5.06119409539,6.58108762716,5.517,0.0,2.088,4.60154903009,3110.0,75.0
93264.0,6.0,Eric Dier,Tottenham Hotspur,Midfielder,3.03679630307,6.72498279071,3.278,0.0,2.2272,6.39034029673,3178.0,73.0
39104.0,6.0,Mousa Dembélé,Tottenham Hotspur,Midfielder,3.97284594271,4.51153659842,1.639,1.039,1.8096,2.77741164662,2132.0,62.0
108823.0,6.0,Dele Alli,Tottenham Hotspur,Midfielder,7.18833689791,6.61071310201,25.863,6.234,2.088,1.33320660244,3124.0,91.0
54908.0,6.0,Nacer Chadli,Tottenham Hotspur,Midfielder,4.56447816989,2.5471265539,8.795,5.195,0.4176,1.54720562995,2222.0,61.0
80607.0,6.0,Christian Eriksen,Tottenham Hotspur,Midfielder,16.2520504602,6.83713637407,17.112,13.507,2.088,1.20702776681,3231.0,99.0
168765.0,6.0,Josh Onomah,Tottenham Hotspur,Midfielder,0.0167857236175,0.101573056625,0.0,0.0,0.5568,0.0478076525796,48.0,11.0
93464.0,6.0,Tom Carroll,Tottenham Hotspur,Midfielder,2.30158039953,1.45117186342,1.439,2.078,0.8352,1.38062098179,1387.0,42.0
157668.0,6.0,Harry Winks,Tottenham Hotspur,Midfielder,1.20692034237,1.29082426128,1.439,1.039,0.9744,0.708818138874,610.0,36.0
165990.0,6.0,Vincent Janssen,Tottenham Hotspur,Forward,2.1601432171,2.02722892181,4.878,2.078,0.8352,0.258325589218,958.0,47.0
78830.0,6.0,Harry Kane,Tottenham Hotspur,Forward,5.85698139599,5.39818473855,38.014,7.273,1.16928,0.566318440203,2551.0,93.0
145212.0,6.0,Clinton N'Jie,Tottenham Hotspur,Forward,0.0,0.0,0.0,0.0,0.0,0.0,0.0,0.0
18656.0,57.0,Heurelho Gomes,Watford,Goalkeeper,0.760443662608,3.81311915681,1.239,0.0,11.35872,0.23957298236,3500.0,58.0
26719.0,57.0,Rene Gilmartin,Watford,Goalkeeper,0.0,0.0,0.0,0.0,0.0,0.0,0.0,0.0
56827.0,57.0,Costel Pantilimon,Watford,Goalkeeper,0.0122920765375,0.103498948542,0.0,0.0,1.41984,0.0,95.0,14.0
57187.0,57.0,Giedrius Arlauskis,Watford,Goalkeeper,0.0,0.0,0.0,0.0,0.0,0.0,0.0,0.0
67527.0,57.0,Nyom,Watford,Defender,1.79269449455,3.13289688201,0.2,2.078,3.67488,4.8830333261,2733.0,56.0
52153.0,57.0,Miguel Britos,Watford,Defender,1.46390561088,2.66264663407,2.039,2.078,6.43104,6.30995562074,2444.0,60.0
41945.0,57.0,Sebastian Prödl,Watford,Defender,1.83083456536,3.23461450759,2.439,1.039,6.43104,9.14802489723,2969.0,67.0
98780.0,57.0,Juan Carlos Paredes,Watford,Defender,0.0,0.0,0.0,0.0,0.0,0.0,0.0,0.0
41338.0,57.0,Craig Cathcart,Watford,Defender,0.812857979323,1.37490182168,0.2,1.039,2.75616,4.04531722331,1262.0,43.0
42738.0,57.0,Juan Zuñiga,Watford,Defender,0.749583229579,1.01320023309,1.239,0.0,3.67488,0.872205528527,930.0,36.0
40868.0,57.0,José Holebas,Watford,Defender,5.51195494127,3.28581925055,3.478,4.156,6.43104,4.80934894869,3016.0,70.0
86431.0,57.0,Brice Dja Djédjé,Watford,Defender,0.0,0.0,0.0,0.0,0.0,0.0,0.0,0.0
85624.0,57.0,Christian Kabasele,Watford,Defender,0.538114679195,0.921685373331,2.678,0.0,3.67488,1.30003370025,846.0,38.0
97296.0,57.0,Tommie Hoban,Watford,Defender,0.0,0.0,0.0,0.0,0.0,0.0,0.0,0.0
28160.0,57.0,Mario Suárez,Watford,Midfielder,0.0,0.0,0.0,0.0,0.0,0.0,0.0,0.0
44604.0,57.0,Nordin Amrabat,Watford,Midfielder,4.01549523369,2.34125516228,1.2,3.117,0.9744,1.69941402289,2149.0,51.0
21123.0,57.0,Valon Behrami,Watford,Midfielder,0.980469863911,2.2551876156,0.0,0.0,0.8352,3.99958891503,2070.0,45.0
121599.0,57.0,Abdoulaye Doucouré,Watford,Midfielder,1.74673709275,1.5034584104,2.439,0.0,0.696,1.62976101697,1380.0,41.0
44302.0,57.0,Adlène Guédioura,Watford,Midfielder,1.33303347313,0.962648792348,0.8,1.039,0.2784,0.809113149082,942.0,32.0
19342.0,57.0,Ikechi Anya,Watford,Midfielder,0.0,0.0196103270921,0.0,0.0,0.0,0.0,18.0,3.0
16045.0,57.0,Ben Watson,Watford,Midfielder,0.0222268884716,0.0817096962173,0.0,0.0,0.1392,0.121561768057,75.0,9.0
38439.0,57.0,Etienne Capoue,Watford,Midfielder,5.40118961477,3.61047911019,11.073,1.039,1.1136,3.53070935892,3314.0,70.0
41725.0,57.0,Troy Deeney,Watford,Forward,5.86100971515,3.43071777851,15.229,4.156,0.58464,1.79002503076,3149.0,72.0
173514.0,57.0,Isaac Success,Watford,Forward,0.745916382834,0.710329625782,2.439,1.039,0.33408,0.842460450348,652.0,32.0
133801.0,57.0,Jerome Sinclair,Watford,Forward,0.110025878189,0.153614228888,0.2,0.0,0.0,0.0267260303162,141.0,11.0
81183.0,57.0,Matej Vydra,Watford,Forward,0.0,0.00980516354607,0.0,0.0,0.0,0.0,9.0,2.0
58498.0,57.0,Odion Ighalo,Watford,Forward,1.45863902773,1.5099951861,3.039,1.039,0.16704,0.438257640777,1386.0,39.0
9089.0,35.0,Ben Foster,West Bromwich Albion,Goalkeeper,0.583737056818,4.09122172407,0.0,0.0,8.51904,0.153182707948,3569.0,54.0
12086.0,35.0,Boaz Myhill,West Bromwich Albion,Goalkeeper,0.0,0.0,0.0,0.0,0.0,0.0,0.0,0.0
39253.0,35.0,Jonas Olsson,West Bromwich Albion,Defender,0.113663360945,0.715304666803,0.0,0.0,0.91872,2.11791471099,624.0,28.0
37642.0,35.0,Jonny Evans,West Bromwich Albion,Defender,1.47220014623,3.13748216833,1.639,1.039,3.67488,6.56939860969,2737.0,59.0
42583.0,35.0,Sébastien Pocognoli,West Bromwich Albion,Defender,0.0,0.0,0.0,0.0,0.0,0.0,0.0,0.0
77760.0,35.0,Cristian Gamboa,West Bromwich Albion,Defender,0.0,0.0,0.0,0.0,0.0,0.0,0.0,0.0
19272.0,35.0,Gareth McAuley,West Bromwich Albion,Defender,1.36503963283,3.84132361932,8.873,1.039,5.51232,9.99595985824,3351.0,73.0
60232.0,35.0,Craig Dawson,West Bromwich Albion,Defender,3.50329061622,3.90666394946,5.756,0.0,5.51232,8.8342698625,3408.0,73.0
215457.0,35.0,Kane Wilson,West Bromwich Albion,Defender,0.0,0.0,0.0,0.0,0.0,0.0,0.0,0.0
55829.0,35.0,Claudio Yacob,West Bromwich Albion,Midfielder,1.17778043474,2.85777970247,0.0,0.0,0.696,5.87248161508,2493.0,51.0
18008.0,35.0,James Morrison,West Bromwich Albion,Midfielder,3.0323937129,2.03128184227,6.795,2.078,0.696,1.67170678299,1772.0,53.0
28468.0,35.0,Craig Gardner,West Bromwich Albion,Midfielder,1.39803009143,0.300336254331,0.0,1.039,0.4176,0.0920120959147,262.0,24.0
50229.0,35.0,Matt Phillips,West Bromwich Albion,Midfielder,4.92363303643,2.61475952721,6.156,8.312,0.696,1.61631186056,2281.0,61.0
19151.0,35.0,Chris Brunt,West Bromwich Albion,Midfielder,5.65597330167,2.93114428368,5.117,4.156,0.5568,2.48331029258,2557.0,62.0
63370.0,35.0,James McClean,West Bromwich Albion,Midfielder,2.67372147092,1.8501630324,3.639,2.078,0.8352,1.88621968455,1614.0,49.0
61538.0,35.0,Callum McManaman,West Bromwich Albion,Midfielder,0.0,0.0,0.0,0.0,0.0,0.0,0.0,0.0
14295.0,35.0,Darren Fletcher,West Bromwich Albion,Midfielder,3.11437933476,3.83903097616,3.478,2.078,0.8352,2.20416375925,3349.0,58.0
173809.0,35.0,Jonathan Leko,West Bromwich Albion,Midfielder,0.258692980914,0.182265131445,0.0,1.039,0.1392,0.0395525116031,159.0,15.0
195864.0,35.0,Sam Field,West Bromwich Albion,Midfielder,0.502702020592,0.351920725494,0.0,0.0,0.2784,0.158199065299,307.0,18.0
57134.0,35.0,Salomón Rondón,West Bromwich Albion,Forward,3.9173261625,3.41030670471,13.112,2.078,0.50112,1.05771131329,2975.0,65.0
11037.0,35.0,Rickie Lambert,West Bromwich Albion,Forward,0.12013048143,0.0229264316283,0.0,0.0,0.0,0.0197762558015,20.0,6.0
91972.0,35.0,Saido Berahino,West Bromwich Albion,Forward,0.508169662212,1.10348467234,1.8,0.0,0.50112,0.314786689702,1014.0,30.0
32259.0,21.0,Darren Randolph,West Ham United,Goalkeeper,0.338260324883,2.24062413069,0.0,0.0,5.67936,0.0827673599384,2161.0,42.0
60706.0,21.0,Adrián,West Ham United,Goalkeeper,0.32577770433,1.49927926561,0.0,0.0,8.51904,0.042343737332,1446.0,41.0
82257.0,21.0,Raphael Spiegel,West Ham United,Goalkeeper,0.0,0.0,0.0,0.0,0.0,0.0,0.0,0.0
48717.0,21.0,Winston Reid,West Ham United,Defender,1.39949660116,2.87828439926,2.478,2.078,8.26848,8.69131701373,2776.0,66.0
55459.0,21.0,Aaron Cresswell,West Ham United,Defender,2.37673610733,2.26032420403,0.4,2.078,6.43104,2.66395876352,2180.0,54.0
8380.0,21.0,James Collins,West Ham United,Defender,0.908145654329,1.77093290848,2.878,0.0,5.51232,5.47183560449,1708.0,53.0
40669.0,21.0,Angelo Ogbonna,West Ham United,Defender,1.15391182458,1.85802796955,0.2,0.0,4.5936,4.5251321569,1792.0,49.0
113564.0,21.0,Sam Byram,West Ham United,Defender,1.08610547079,1.31264699188,0.0,1.039,3.67488,2.45305046684,1266.0,41.0
88812.0,21.0,Doneil Henry,West Ham United,Defender,0.0,0.0,0.0,0.0,0.0,0.0,0.0,0.0
105717.0,21.0,Arthur Masuaku,West Ham United,Defender,1.15460750752,1.09594618517,0.0,1.039,3.67488,1.53366137451,1057.0,38.0
173792.0,21.0,Reece Oxford,West Ham United,Defender,0.0,0.0,0.0,0.0,0.0,0.0,0.0,0.0
43626.0,21.0,Håvard Nordtveit,West Ham United,Midfielder,0.727099694839,1.07935664972,0.2,1.039,0.8352,1.74463414666,1041.0,33.0
44336.0,21.0,Sofiane Feghouli,West Ham United,Midfielder,2.34127966938,1.08350403358,3.078,3.117,0.4176,0.563275774319,1045.0,41.0
55037.0,21.0,Cheikhou Kouyaté,West Ham United,Midfielder,1.86425769141,3.03070075614,1.839,0.0,1.2528,5.0525405111,2923.0,54.0
86934.0,21.0,Manuel Lanzini,West Ham United,Midfielder,7.56739578814,2.89072655084,12.512,2.078,1.2528,1.73041591805,2788.0,70.0
59779.0,21.0,Pedro Obiang,West Ham United,Midfielder,1.26970817268,1.96793364186,1.439,1.039,0.8352,3.1374503003,1898.0,45.0
18073.0,21.0,Mark Noble,West Ham United,Midfielder,3.67376069388,2.62633082973,4.517,0.0,1.2528,2.72254825894,2533.0,56.0
59796.0,21.0,Gökhan Töre,West Ham United,Midfielder,0.946185016537,0.264395721114,0.0,1.039,0.1392,0.0518368862633,255.0,20.0
37901.0,21.0,Dimitri Payet,West Ham United,Midfielder,9.62950623194,1.67139569582,5.078,6.234,0.5568,0.304063215387,1612.0,63.0
57531.0,21.0,Michail Antonio,West Ham United,Midfielder,4.57580649699,2.69683635536,13.951,3.117,0.9744,1.75188490865,2601.0,66.0
168287.0,21.0,Jonathan Calleri,West Ham United,Forward,1.02847923547,0.638697114534,1.639,0.0,0.58464,0.175113833821,616.0,28.0
40142.0,21.0,Andy Carroll,West Ham United,Forward,2.49851110302,1.46298965683,10.073,1.039,0.25056,0.920088357365,1411.0,51.0
148179.0,21.0,Enner Valencia,West Ham United,Forward,0.999664940761,1.22810611233,5.317,1.039,0.58464,0.495118438345,945.0,40.0
73889.0,21.0,Diafra Sakho,West Ham United,Forward,0.168642557271,0.198037579344,1.239,0.0,0.08352,0.0441425681302,191.0,17.0
45124.0,21.0,André Ayew,West Ham United,Forward,1.81220889146,1.51379510912,7.595,2.078,0.50112,0.476192240986,1460.0,47.0
20669.0,91.0,Shaun MacDonald,Bournemouth,Midfielder,0.0,0.0,0.0,0.0,0.0,0.0,0.0,0.0
88601.0,56.0,Charalampos Mavrias,Sunderland,Midfielder,0.0,0.0,0.0,0.0,0.0,0.0,0.0,0.0
49836.0,56.0,Liam Bridcutt,Sunderland,Midfielder,0.0,0.0,0.0,0.0,0.0,0.0,0.0,0.0
50023.0,56.0,Jordi Gómez,Sunderland,Midfielder,0.0,0.0,0.0,0.0,0.0,0.0,0.0,0.0
52940.0,,,,,2.15829328376,1.86733892422,3.678,1.039,0.0,1.85727784232,1714.0,46.0
20145.0,,,,,0.30047011458,0.665661658517,0.0,0.0,0.0,2.05424247545,611.0,27.0
28654.0,,,,,1.14503049918,1.30389061466,2.878,0.0,0.0,1.50889640341,1249.0,38.0
149266.0,,,,,1.22506371349,2.61822070581,7.634,0.0,0.0,7.3340996693,2508.0,59.0
96764.0,,,,,1.29608661699,1.3291443918,4.478,2.078,0.0,0.593076238184,1220.0,40.0
57586.0,,,,,0.774470325956,0.47290828538,0.0,2.078,0.0,0.101011349602,453.0,23.0
20046.0,,,,,1.95200095786,1.04261572373,6.356,0.0,0.0,0.406013677977,957.0,41.0
80146.0,,,,,0.789804889358,0.887355502368,1.0,3.117,0.0,0.323107229053,850.0,30.0
45268.0,,,,,2.98994756871,2.1182214517,0.4,2.078,0.0,0.608543583869,1001.0,43.0
83314.0,,,,,2.01167451681,2.90868868716,3.278,1.039,0.0,3.50139206847,2790.0,53.0
15276.0,,,,,1.42981697728,1.23958094947,1.639,0.0,0.0,1.66827417802,1189.0,37.0
182436.0,,,,,0.0277806056303,0.197061145491,0.0,0.0,0.0,0.0536238218943,106.0,10.0
90517.0,,,,,2.16805965315,0.744374094134,1.639,2.078,0.0,0.944950689971,714.0,36.0
207725.0,,,,,0.0100606704995,0.0427441706715,0.0,0.0,0.0,0.0217665859707,41.0,5.0
177815.0,,,,,0.0837659079112,0.532413793103,1.239,0.0,0.0,0.479083327017,386.0,22.0
153673.0,,,,,0.0057740572218,0.0234482758621,0.0,0.0,0.0,0.0,17.0,3.0
205651.0,,,,,1.20732049565,1.06386118461,8.434,3.117,0.0,0.0976406945245,606.0,43.0
49440.0,,,,,1.16067064225,0.953739555737,4.317,2.078,0.0,0.227821139514,832.0,36.0
203341.0,,,,,1.08118353812,1.8309352518,3.278,1.039,0.0,3.11797335076,1527.0,45.0
41321.0,,,,,0.388097648849,1.09472422062,0.2,0.0,0.0,2.28716393219,913.0,31.0
163526.0,,,,,0.757968692365,1.12705156412,0.6,0.0,0.0,1.2122416731,1087.0,31.0
149828.0,,,,,2.36496565172,1.53956834532,9.873,3.117,0.0,0.87959662995,1284.0,51.0
113688.0,,,,,1.25387101491,1.08687219273,5.756,0.0,0.0,0.282012120294,1092.0,38.0
39167.0,,,,,0.659354629034,1.32773581053,2.878,2.078,0.0,3.8002235215,1334.0,43.0
69140.0,,,,,2.38677740518,4.10529542494,3.278,2.078,0.0,4.0966650525,2435.0,60.0
49957.0,,,,,3.03290959081,1.15256227031,1.2,3.117,0.0,0.404595789255,1158.0,40.0
92293.0,,,,,0.324661172231,0.568318701511,0.0,0.0,0.0,0.717044881217,571.0,21.0
49688.0,,,,,0.745442578383,1.24014904042,1.639,0.0,0.0,2.24703716816,1246.0,36.0
52287.0,,,,,1.4518271036,0.620074520212,0.0,0.0,0.0,0.315373637648,623.0,26.0
155851.0,,,,,0.952247068125,0.551306613534,1.839,0.0,0.0,0.0990907613209,327.0,26.0
41270.0,,,,,2.01046982519,6.86489795918,3.039,0.0,0.0,6.49601993354,3058.0,70.0
82263.0,,,,,4.08310808544,6.23183673469,9.234,3.117,0.0,3.68537728742,2776.0,74.0
60551.0,,,,,0.443750354008,0.541078648257,0.0,0.0,0.0,0.696100287716,519.0,21.0
90105.0,,,,,4.64742719347,2.10106558836,5.317,5.195,0.0,0.726690758085,1796.0,55.0
49207.0,,,,,1.42936222704,0.383346104725,2.039,0.0,0.0,0.177858358256,536.0,27.0
33148.0,,,,,0.412682484795,3.7147364136,0.0,0.0,0.0,0.0711956840987,2116.0,42.0
39847.0,,,,,3.40826426558,1.13949703766,2.239,3.117,0.0,1.85923097585,1093.0,45.0
106617.0,,,,,0.13373768356,0.256093310174,1.439,0.0,0.0,0.158743183859,321.0,18.0
41674.0,,,,,0.045934243436,0.201210364381,0.0,0.0,0.0,0.921424395742,193.0,16.0
39472.0,,,,,1.10593875975,0.821125969784,0.8,1.039,0.0,0.455371445954,825.0,29.0
15144.0,,,,,0.172533352272,1.43920988158,1.239,0.0,0.0,0.015507101634,1446.0,29.0
82771.0,,,,,0.433867823273,0.706665986117,0.0,0.0,0.0,0.961742234875,710.0,24.0
176296.0,,,,,0.590180181606,0.468654376249,1.0,0.0,0.0,0.0464788459046,452.0,21.0
128198.0,,,,,2.69648224319,1.36660445376,2.239,0.0,0.0,0.758648833126,1162.0,40.0
88900.0,,,,,0.878879755577,1.73589343696,0.0,1.039,0.0,4.86491040341,1476.0,43.0
61548.0,,,,,0.783479282204,0.840896888503,5.956,0.0,0.0,0.174610751372,715.0,35.0
114093.0,,,,,0.149104728573,0.266206896552,1.239,0.0,0.0,0.412132245917,193.0,19.0
85352.0,,,,,0.821917912689,3.50071283096,2.439,0.0,0.0,7.09783041586,3274.0,57.0
6744.0,,,,,0.545383089909,2.89551934827,0.0,0.0,0.0,0.109963438184,2708.0,38.0
7525.0,,,,,0.88038501501,0.513264422832,0.4,0.0,0.0,1.30740045771,840.0,26.0
144660.0,,,,,2.2678946687,1.66016599623,2.039,0.0,0.0,3.87183603884,2717.0,46.0
109528.0,,,,,0.693631600873,0.887825245685,0.0,0.0,0.0,2.15831169868,1453.0,30.0
28593.0,,,,,1.75618711535,0.815723814858,4.917,0.0,0.0,0.732244444898,1335.0,38.0
167789.0,,,,,0.0,0.0257368835991,0.0,0.0,0.0,0.0294158025853,22.0,4.0
91126.0,,,,,0.403043810221,0.295605349122,0.0,0.0,0.0,0.0436551011917,297.0,15.0
168566.0,,,,,0.0299009948552,0.213726639982,0.2,0.0,0.0,0.0280716106776,101.0,11.0
18155.0,,,,,0.166331413347,0.297408880221,0.2,0.0,0.0,0.400429846845,309.0,16.0
159533.0,,,,,2.61273678733,1.19724137931,0.4,1.039,0.0,0.927718409621,1674.0,37.0
61566.0,,,,,2.1257082471,1.2016772657,2.878,2.078,0.0,0.338743369605,1103.0,39.0
153373.0,,,,,0.501281856728,0.809142740265,0.0,0.0,0.0,1.62095915919,688.0,27.0
153379.0,,,,,0.284996192012,0.28461125457,0.6,1.039,0.0,0.0753033404393,242.0,18.0
114000.0,,,,,0.294239686415,0.156423443149,0.2,0.0,0.0,0.19558248298,256.0,14.0
169432.0,,,,,0.26945085777,0.115878189133,0.2,0.0,0.0,0.014134964404,111.0,12.0
219352.0,,,,,0.0455881368107,0.434482758621,2.239,0.0,0.0,0.146792539012,315.0,22.0
204760.0,,,,,0.0,0.0185208644759,0.0,0.0,0.0,0.0,17.0,3.0
49696.0,,,,,0.535379748651,0.23423446249,0.6,0.0,0.0,0.0197762558015,215.0,17.0
66975.0,,,,,0.842072270632,1.17038575517,2.678,0.0,0.0,2.3279106307,1216.0,37.0
60270.0,,,,,1.03817674246,0.507017676959,0.4,0.0,0.0,0.14097161967,489.0,23.0
154051.0,,,,,0.000561477205474,0.0353222807956,0.0,0.0,0.0,0.014134964404,19.0,4.0
178871.0,,,,,0.148656155448,0.161510278852,0.0,0.0,0.0,0.132197235837,92.0,11.0
200455.0,,,,,0.115053884402,0.0844704684318,0.0,0.0,0.0,0.0301914081815,79.0,8.0
191769.0,,,,,0.00502894741514,0.0125123477116,0.2,0.0,0.0,0.00976886188577,13.0,6.0
7551.0,,,,,0.00671221357962,0.0250521920668,0.0,0.0,0.0,0.0390754475431,41.0,4.0
180804.0,,,,,0.0175166355482,0.378269412335,0.0,0.0,0.0,0.214625592183,218.0,14.0
195851.0,,,,,0.00222822376656,0.0173518079053,0.2,0.0,0.0,0.178854088858,10.0,8.0
154043.0,,,,,0.000561477205474,0.0118016706261,0.0,0.0,0.0,0.014134964404,7.0,3.0
234483.0,,,,,0.0115655889752,0.103211534061,0.0,0.0,0.0,0.201291946223,99.0,9.0
18759.0,,,,,0.285807261695,0.287206332347,0.0,0.0,0.0,0.47267032873,277.0,16.0
43693.0,,,,,0.0359691154403,0.114079717741,0.0,0.0,0.0,0.293700102446,97.0,10.0
157665.0,,,,,0.139185397169,0.0190449481172,0.0,1.039,0.0,0.014134964404,9.0,10.0
231172.0,,,,,0.00133693425994,0.0294154906382,0.0,0.0,0.0,0.015507101634,27.0,4.0
243532.0,,,,,0.121567838079,0.0130735513948,0.0,0.0,0.0,0.0,12.0,6.0
